"nome","email","login","senha"
"Eliomar Gomes","eliomar.gomes@hotmail.com","eliomar.gomes","ii44.E"
"Sebastião Altino de Junqueira Onziflo","sebastião.onziflo@outlook.com","sebastião.onziflo","sa65.A"
"Eliomar da Silva","eliomar.silva@msn.com","eliomar.silva","rr34.O"
"Soraya dos Santos de Ortiz","soraya.ortiz@outlook.com","soraya.ortiz","aa34.A"
"Maria Rosilda Negrão","maria.negrão@outlook.com","maria.negrão","ii55.A"
"Jesus Humberto Torres de Iglesias","jesus.iglesias@msn.com","jesus.iglesias","u.54.S"
"Patrícia Weber Buarque","patrícia.buarque@outlook.com","patrícia.buarque","tr34.Í"
"Zuleide Kiara de Oliveira","zuleide.oliveira@hotmail.com","zuleide.oliveira","le44.D"
"Diana Rosângela Gogozago Olusbli","diana.olusbli@hotmail.com","diana.olusbli","aa44.N"
"Maria Okizov","maria.okizov@outlook.com","maria.okizov","rr46.I"
"Sara Tainá de Viana Oalo","sara.oalo@bol.com.br","sara.oalo","aa43.."
"Felipe Milton Ocosina","felipe.ocosina@outlook.com","felipe.ocosina","pl45.P"
"Cristiano Habunuzo Neto","cristiano.neto@outlook.com","cristiano.neto","ti55.S"
"Rosimeire Erna de Padilha","rosimeire.padilha@outlook.com","rosimeire.padilha","ss44.E"
"Aldo Celso de Leite da Costa","aldo.costa@hotmail.com","aldo.costa",".o33.O"
"Kelly da Silva","kelly.silva@msn.com","kelly.silva","ly44.L"
"Suely Thaís de Souza Nute","suely.nute@outlook.com","suely.nute",".l42.Y"
"Xavier Karl Ribeiro Amoiszo","xavier.amoiszo@gmail.com","xavier.amoiszo","vv54.A"
"Suzanne Tatiana de São Pedro da Silva","suzanne.silva@bol.com.br","suzanne.silva","nu55.Z"
"Jonathan Edson Gauson de Martins","jonathan.martins@outlook.com","jonathan.martins","aa54.A"
"Luís de Alencar","luís.alencar@hotmail.com","luís.alencar","..33.S"
"Martinho de Martins Sesa","martinho.sesa@outlook.com","martinho.sesa","tr43.T"
"Everaldo Zeme","everaldo.zeme@hotmail.com","everaldo.zeme","ea63.A"
"Marcela Leila Klein","marcela.klein@hotmail.com","marcela.klein","ec46.A"
"Israel Gilson de Silveira Júnior","israel.júnior@hotmail.com","israel.júnior","rr54.R"
"Velma do Amazonas de Amorim","velma.amorim@gmail.com","velma.amorim","am44.E"
"Terezinha Lígia Sakita Gomes","terezinha.gomes@bol.com.br","terezinha.gomes","ee43.R"
"Bernardo de Muniz Júnior","bernardo.júnior@outlook.com","bernardo.júnior","rr56.N"
"Gabrielle Lana Oiaulã","gabrielle.oiaulã@hotmail.com","gabrielle.oiaulã","rr44.R"
"Bernardo Maurício Botoyu de Pinheiro da Silva","bernardo.silva@bol.com.br","bernardo.silva","rr53.N"
"Rodrigo Rosa da Silva Júnior","rodrigo.júnior@outlook.com","rodrigo.júnior","rd54.I"
"Jenny Jaqueline Shirini","jenny.shirini@outlook.com","jenny.shirini","nn43.N"
"Alan de Espanha Cruilã Júnior","alan.júnior@bol.com.br","alan.júnior",".n44.A"
"Lana Oniman do Paraná","lana.paraná@bol.com.br","lana.paraná","aa53.."
"Nicolau de Bragança Gomfavou","nicolau.gomfavou@bol.com.br","nicolau.gomfavou","ol34.O"
"Ângelo Gagi","ângelo.gagi@bol.com.br","ângelo.gagi","lg42.G"
"Elano Frederico de Mendonça","elano.mendonça@bol.com.br","elano.mendonça","na44.O"
"Poliana Vanda Irni","poliana.irni@outlook.com","poliana.irni","al45.O"
"Aldo Pires","aldo.pires@outlook.com","aldo.pires","op64.D"
"Bete Brasil de Gusmões","bete.gusmões@outlook.com","bete.gusmões","et53.E"
"Ana Anne Werner Valente","ana.valente@hotmail.com","ana.valente","va53.V"
"Guilherme Edinaldo da Silva de Barbosa","guilherme.barbosa@outlook.com","guilherme.barbosa","hi54.L"
"Jonathan Igor de Paula da Cruz Bigone","jonathan.bigone@hotmail.com","jonathan.bigone","aa43.A"
"Natália Alana Pakehi","natália.pakehi@msn.com","natália.pakehi","la33.A"
"Gislaine Rute Terntonson","gislaine.terntonson@bol.com.br","gislaine.terntonson","ls23.L"
"Tomáz da Paixão","tomáz.paixão@hotmail.com","tomáz.paixão","zm54.Á"
"Fabíola Adriana de Assunção","fabíola.assunção@outlook.com","fabíola.assunção","bl42.Í"
"Marlon Zoshiki","marlon.zoshiki@outlook.com","marlon.zoshiki","al45.O"
"Valéria Tilvumniman Tilovanel","valéria.tilovanel@bol.com.br","valéria.tilovanel","lr53.L"
"Henrique de Gonçalves Afabbo Yoyamo","henrique.yoyamo@outlook.com","henrique.yoyamo","ir55.R"
"Keyla Raíssa Oklin","keyla.oklin@outlook.com","keyla.oklin","aa44.A"
"Cauê de Barbosa Gosyvic","cauê.gosyvic@outlook.com","cauê.gosyvic","uu54.Ê"
"Paulo Asewofu de Borges","paulo.borges@outlook.com","paulo.borges","oo44.L"
"Francisco Kauê Castelo Drunuseman","francisco.drunuseman@bol.com.br","francisco.drunuseman","cn54.C"
"Patrícia de Ortega","patrícia.ortega@outlook.com","patrícia.ortega","íí44.R"
"Heloísa Rafaela de Braga","heloísa.braga@msn.com","heloísa.braga","oo54.O"
"Roseli Dina da Silva","roseli.silva@gmail.com","roseli.silva","ee42.S"
"Suzana Elisa de Camargo Runoklirn","suzana.runoklirn@bol.com.br","suzana.runoklirn","aa32.A"
"Tainara Mirela de Oliveira da Silva Fontes","tainara.fontes@outlook.com","tainara.fontes","ar45.N"
"Mayra de Cardozo Lopes","mayra.lopes@outlook.com","mayra.lopes","rr34.A"
"Flaviana Gomes","flaviana.gomes@outlook.com","flaviana.gomes","av34.V"
"Charlene de Barbosa Clean Oagu","charlene.oagu@hotmail.com","charlene.oagu","la43.R"
"Marciane Rebeca Pomrelman de Fonseca","marciane.fonseca@outlook.com","marciane.fonseca","ir53.C"
"Ney de Chaves","ney.chaves@hotmail.com","ney.chaves",".y25.."
"Albano Ederson Ivalman","albano.ivalman@hotmail.com","albano.ivalman","bl67.A"
"Tainara Amurnão de Barbosa","tainara.barbosa@outlook.com","tainara.barbosa","aa34.A"
"Táles Marques da Silva Pires Neto","táles.neto@outlook.com","táles.neto","ls44.E"
"Felícia Cláudia de Ortega Brayu Branco","felícia.branco@outlook.com","felícia.branco","ec34.Í"
"Charles Lino de Barbosa Impiov","charles.impiov@bol.com.br","charles.impiov","rl33.H"
"Cirilo Aloísio Shiyubusu de Figueira","cirilo.figueira@msn.com","cirilo.figueira","rr43.I"
"Ana de Amorim","ana.amorim@outlook.com","ana.amorim",".a35.A"
"Lidiane Patrícia Martinez","lidiane.martinez@gmail.com","lidiane.martinez","ni33.I"
"Vitor Breno de Campos Ikre","vitor.ikre@bol.com.br","vitor.ikre",".o55.T"
"Cícero Rodolfo Serensu","cícero.serensu@hotmail.com","cícero.serensu","er54.E"
"Nivaldo Marco Muna da Mata","nivaldo.mata@hotmail.com","nivaldo.mata","av53.V"
"Fabíola Glaoan","fabíola.glaoan@bol.com.br","fabíola.glaoan","ob33.O"
"Edson Kauê de Camargo","edson.camargo@outlook.com","edson.camargo","oo45.N"
"Clarice Graziele Branco","clarice.branco@hotmail.com","clarice.branco","lr45.A"
"Graziele Cleuza de Tavares","graziele.tavares@outlook.com","graziele.tavares","za55.I"
"Mike Tosyo","mike.tosyo@outlook.com","mike.tosyo","ke54.K"
"Nilo Mike Ilbaer Ogriman","nilo.ogriman@outlook.com","nilo.ogriman","ll54.O"
"Otávia Uoaban","otávia.uoaban@outlook.com","otávia.uoaban","ii52.V"
"Yolanda de Fonseca Bafuni","yolanda.bafuni@outlook.com","yolanda.bafuni","an35.A"
"Fagner de Sales","fagner.sales@bol.com.br","fagner.sales","ne45.E"
"Sabrina Chibinho","sabrina.chibinho@outlook.com","sabrina.chibinho","ri45.B"
"Karin Maciel","karin.maciel@outlook.com","karin.maciel",".i54.I"
"Jonas Ribi Nunes Eyze","jonas.eyze@bol.com.br","jonas.eyze","so44.J"
"Frederico Nishiraha","frederico.nishiraha@outlook.com","frederico.nishiraha","dr54.E"
"Uribe Otaviano da Silva","uribe.silva@outlook.com","uribe.silva","be35.B"
"Denis Eaman Neto","denis.neto@bol.com.br","denis.neto","ne25.I"
"Sheila Andréia Lossi","sheila.lossi@bol.com.br","sheila.lossi","al55.E"
"Velma Lígia de Sampaio","velma.sampaio@bol.com.br","velma.sampaio","aa55.M"
"Suzanne Lirimshuman","suzanne.lirimshuman@outlook.com","suzanne.lirimshuman","zn55.A"
"Adônis Fabrício Ogrie de Siqueira","adônis.siqueira@hotmail.com","adônis.siqueira","nn54.Ô"
"Alan Milani","alan.milani@bol.com.br","alan.milani","na34.L"
"Andréia Mineiro","andréia.mineiro@hotmail.com","andréia.mineiro","né32.R"
"Cleberson de Lima Criaman Júnior","cleberson.júnior@msn.com","cleberson.júnior","ee45.E"
"Damião Giuseppe da Luz","damião.luz@msn.com","damião.luz","ãm46.Ã"
"Paulo Ângelo dos Pinhais","paulo.pinhais@outlook.com","paulo.pinhais","ou36.U"
"Roseli de Barbosa Weber Vaz","roseli.vaz@hotmail.com","roseli.vaz","el55.E"
"Dionísio Manoel de Novais","dionísio.novais@hotmail.com","dionísio.novais","on35.Í"
"Larissa de Antunes Moreno","larissa.moreno@outlook.com","larissa.moreno","si35.S"
"Melissa Rosa dos Santos","melissa.santos@outlook.com","melissa.santos","ie55.I"
"Amarildo Estrada","amarildo.estrada@outlook.com","amarildo.estrada","ir54.R"
"Wagner Hahori Lopes","wagner.lopes@hotmail.com","wagner.lopes","nn34.N"
"Mateus da Silva Thagrier de Gonçalves","mateus.gonçalves@outlook.com","mateus.gonçalves","es34.U"
"Humberto Roger dos Santos de Munhoz","humberto.munhoz@hotmail.com","humberto.munhoz","rb44.B"
"Caio Francisco de Moura","caio.moura@gmail.com","caio.moura",".o44.."
"Poliana Renata Chimuowa de Ayres Usai","poliana.usai@outlook.com","poliana.usai","ai45.I"
"Eulália Empaman","eulália.empaman@bol.com.br","eulália.empaman","iá52.Á"
"Dionísio Hara","dionísio.hara@hotmail.com","dionísio.hara","no35.Í"
"Renato Gutierrez","renato.gutierrez@bol.com.br","renato.gutierrez","na33.T"
"Fabíola Aerni Sugeu Fislomeson","fabíola.fislomeson@gmail.com","fabíola.fislomeson","bo45.B"
"Jacinto de Bueno","jacinto.bueno@outlook.com","jacinto.bueno","cn44.I"
"Margarete Keyla Iaman de Santana Ximenes","margarete.ximenes@bol.com.br","margarete.ximenes","ar33.A"
"Joelma Cícera de Jesus Sadrellamgyrnson","joelma.sadrellamgyrnson@outlook.com","joelma.sadrellamgyrnson","ml44.E"
"Estevão Benedito Preto Pobason","estevão.pobason@outlook.com","estevão.pobason","tv34.T"
"Marcelo Elias Vracloi da Silva","marcelo.silva@hotmail.com","marcelo.silva","cr36.E"
"Uribe Aldo Asalhes Errasov de Mello","uribe.mello@hotmail.com","uribe.mello","rb43.B"
"Raí da Silva","raí.silva@hotmail.com","raí.silva","..62.S"
"Michel Manoel de Diniz","michel.diniz@outlook.com","michel.diniz","he43.I"
"Nicole Mara Weber dos Santos","nicole.santos@hotmail.com","nicole.santos","oe56.L"
"Quitéria Suzana de Pereira","quitéria.pereira@outlook.com","quitéria.pereira","éé43.I"
"Ariel Andréia Torres dos Santos de Viana","ariel.viana@outlook.com","ariel.viana","re55.E"
"Jonathas de Bragança Neto","jonathas.neto@msn.com","jonathas.neto","na55.A"
"Zulmira Raquel de Tavares","zulmira.tavares@hotmail.com","zulmira.tavares","mm64.I"
"Laura Célia Husseka Klai","laura.klai@outlook.com","laura.klai","au35.R"
"Ísis de Oliveira","ísis.oliveira@outlook.com","ísis.oliveira","s.53.S"
"Simão Pozdi","simão.pozdi@hotmail.com","simão.pozdi","mã65.O"
"Ricardo Chijisea","ricardo.chijisea@outlook.com","ricardo.chijisea","ci35.A"
"Romildo de Jesus Zogu Neto","romildo.neto@bol.com.br","romildo.neto","oi55.M"
"Manuela Mara Beperra","manuela.beperra@outlook.com","manuela.beperra","an45.A"
"Rosa Bruna de Barboza","rosa.barboza@outlook.com","rosa.barboza",".a52.S"
"Violeta Gigi de Iglesias","violeta.iglesias@outlook.com","violeta.iglesias","le54.T"
"Emílio de Assis Jardim dos Santos","emílio.santos@gmail.com","emílio.santos","íi43.I"
"Alessandra Luiza Eylirnjuson de Oliveira Gomes","alessandra.gomes@bol.com.br","alessandra.gomes","ss34.S"
"Sabrina Ire Oaov de Linhares","sabrina.linhares@hotmail.com","sabrina.linhares","ri45.B"
"Gilmar de Souza Ernilmavic","gilmar.ernilmavic@bol.com.br","gilmar.ernilmavic","al23.M"
"Zenaide Patrícia de Sobral Shinu","zenaide.shinu@msn.com","zenaide.shinu","ie36.A"
"Genir Lígia de Braga","genir.braga@hotmail.com","genir.braga","rn44.I"
"Brenda Paulínia Gutierrez","brenda.gutierrez@bol.com.br","brenda.gutierrez","nn16.A"
"Jéssica da Paixão","jéssica.paixão@outlook.com","jéssica.paixão","ss55.I"
"Dário Félix Mercado","dário.mercado@gmail.com","dário.mercado","rm35.I"
"Marciano Sygro Tlyuas do Piauí Júnior","marciano.júnior@gmail.com","marciano.júnior","cc36.C"
"José Maurício Kinfezlu de Álvares","josé.álvares@gmail.com","josé.álvares","éé43.É"
"Raí Milton de Oliveira da Silva","raí.silva@hotmail.com","raí.silva","aí33.."
"Eloá Uyja Trevisan Emuão","eloá.emuão@hotmail.com","eloá.emuão","el45.O"
"Lucas Womaiman","lucas.womaiman@bol.com.br","lucas.womaiman","as44.A"
"Henrique Efezson","henrique.efezson@msn.com","henrique.efezson","rn46.I"
"Jéssica Alana de Britto","jéssica.britto@hotmail.com","jéssica.britto","ss45.S"
"Hildebrando da Silva de Muniz","hildebrando.muniz@bol.com.br","hildebrando.muniz","le43.D"
"João Luke Emceov Lopes","joão.lopes@bol.com.br","joão.lopes","lo43.."
"Anderson Reginaldo Sarome de Vieira","anderson.vieira@outlook.com","anderson.vieira","dn44.S"
"Albina de Noronha Portugal Teyogi","albina.teyogi@hotmail.com","albina.teyogi","bi55.I"
"Celso Dopoão da Silva Beolman","celso.beolman@outlook.com","celso.beolman","ls64.E"
"Eliane da Silva","eliane.silva@outlook.com","eliane.silva","nn44.A"
"Albina Evelyn de Aguiar","albina.aguiar@bol.com.br","albina.aguiar","ib43.I"
"Reinaldo Wally de Lacerda","reinaldo.lacerda@outlook.com","reinaldo.lacerda","aa53.N"
"Arthur Mineiro","arthur.mineiro@bol.com.br","arthur.mineiro","ut63.H"
"Joel de Pereira","joel.pereira@outlook.com","joel.pereira","ll44.E"
"Domingos de Gonçalves","domingos.gonçalves@bol.com.br","domingos.gonçalves","mm45.G"
"Damares Francielle Oihuão Anpuospe","damares.anpuospe@hotmail.com","damares.anpuospe","aa44.M"
"Demilson Kuzamaki Júnior","demilson.júnior@hotmail.com","demilson.júnior","im44.M"
"Gilberto da Silva Neto","gilberto.neto@yahoo.com","gilberto.neto","bb54.B"
"Ciro Pires de Pereira","ciro.pereira@outlook.com","ciro.pereira","r.43.O"
"Ariana de Mendonça Dutra","ariana.dutra@outlook.com","ariana.dutra","ni64.N"
"Ana de Souza Netoyo","ana.netoyo@bol.com.br","ana.netoyo","..23.."
"Úrsula Azemvic de São Pedro","úrsula.pedro@outlook.com","úrsula.pedro","lr55.S"
"Nair Tainá Freire","nair.freire@bol.com.br","nair.freire","ri45.."
"Geraldo Luke Rely da Lira","geraldo.lira@outlook.com","geraldo.lira","ra34.E"
"Jair da Silva","jair.silva@outlook.com","jair.silva","j.64.."
"Aloísio Fernando Sugayu Kora","aloísio.kora@outlook.com","aloísio.kora","ís54.L"
"Suzy Mariana de Freitas","suzy.freitas@outlook.com","suzy.freitas",".y34.Y"
"Selena Rernaty","selena.rernaty@msn.com","selena.rernaty","nl35.N"
"Benedito Jonathan Lopes","benedito.lopes@hotmail.com","benedito.lopes","di43.D"
"Robson de Torquato Moma Ucri Júnior","robson.júnior@hotmail.com","robson.júnior","on24.O"
"André Barnabé Watsuano","andré.watsuano@outlook.com","andré.watsuano","rn53.É"
"Junior Geraldo de Siqueira","junior.siqueira@outlook.com","junior.siqueira","oo25.N"
"Felícia Patrícia Shiro","felícia.shiro@outlook.com","felícia.shiro","lc54.C"
"Kátia dos Santos de Cabral Klein","kátia.klein@outlook.com","kátia.klein","ti44.A"
"Kim Ismael Vejogasoz de Barbosa Mercado","kim.mercado@hotmail.com","kim.mercado","e.46.."
"Elisete Eunice dos Santos","elisete.santos@bol.com.br","elisete.santos","ee33.E"
"Lino Fybalan","lino.fybalan@outlook.com","lino.fybalan","fn54.O"
"Luigi Karl Yarabo de Machado","luigi.machado@hotmail.com","luigi.machado","ig34.I"
"Celina de Soares da Costa","celina.costa@outlook.com","celina.costa","en24.I"
"Ariel de Simões","ariel.simões@outlook.com","ariel.simões","le45.I"
"Cirilo Adriano Buarque Bago de Ortega","cirilo.ortega@bol.com.br","cirilo.ortega","il53.L"
"Henrique Albano Marinho","henrique.marinho@outlook.com","henrique.marinho","nn52.E"
"Aldo Juan Gomes de Abreu","aldo.abreu@bol.com.br","aldo.abreu",".d54.O"
"Washington Uribe Weber","washington.weber@outlook.com","washington.weber","is44.G"
"Barnabé Prapason","barnabé.prapason@outlook.com","barnabé.prapason","nn44.A"
"Olívia Adrielle Sunotlan","olívia.sunotlan@outlook.com","olívia.sunotlan","vv44.A"
"Túlio Marcelo Clanirn da Graça","túlio.graça@outlook.com","túlio.graça","l.45.Ú"
"Tatiana Muuha de Angola","tatiana.angola@hotmail.com","tatiana.angola","aa33.I"
"Manuela Cloiz","manuela.cloiz@hotmail.com","manuela.cloiz","en46.N"
"Ariana do Amaral","ariana.amaral@msn.com","ariana.amaral","na33.N"
"Marielle Mirian de Uchôa","marielle.uchôa@bol.com.br","marielle.uchôa","ie32.E"
"Kevin Benedito Gugope","kevin.gugope@hotmail.com","kevin.gugope","vi64.."
"Chico Nendrol Upruov Ylvi Júnior","chico.júnior@hotmail.com","chico.júnior","io43.I"
"Laerte de São Pedro Júnior","laerte.júnior@hotmail.com","laerte.júnior","rr45.R"
"Juliano Shoeu","juliano.shoeu@msn.com","juliano.shoeu","li35.I"
"Davi Frederico Valente","davi.valente@bol.com.br","davi.valente","va36.V"
"Marcelo Chilagoã Ygrimson","marcelo.ygrimson@outlook.com","marcelo.ygrimson","re45.C"
"Ângelo Baltazar de Carvalho Eaeser da Cruz","ângelo.cruz@bol.com.br","ângelo.cruz","lg43.L"
"Priscila Berenice Ernvodregra de Bueno","priscila.bueno@outlook.com","priscila.bueno","sc64.I"
"Filipe de Leão","filipe.leão@outlook.com","filipe.leão","li46.L"
"Luciano Gabriel dos Santos Júnior","luciano.júnior@hotmail.com","luciano.júnior","ci55.C"
"Christie Sheila de Muniz do Espírito Santo","christie.santo@hotmail.com","christie.santo","ii55.I"
"Abílio Emni","abílio.emni@msn.com","abílio.emni","li24.I"
"Joaquim Yuri Usuema de Assis","joaquim.assis@outlook.com","joaquim.assis","aq43.A"
"Breno de Fonseca Neto","breno.neto@outlook.com","breno.neto","nn56.N"
"Heron Edivaldo Criyman","heron.criyman@outlook.com","heron.criyman","oo54.O"
"Jean Brasil Gomes","jean.gomes@bol.com.br","jean.gomes",".a54.N"
"Heitor Emílio de Álvares","heitor.álvares@hotmail.com","heitor.álvares","it42.I"
"João Bernardo d'Ávila Cozaião","joão.cozaião@hotmail.com","joão.cozaião",".o33.O"
"Ademar de Matos Kehakiga Neto","ademar.neto@msn.com","ademar.neto","da23.E"
"Zara Solange de Britto","zara.britto@outlook.com","zara.britto","rr44.A"
"Zulmira Rafaela Portugal Homaha","zulmira.homaha@hotmail.com","zulmira.homaha","ul43.L"
"Roger Max Rodrigues","roger.rodrigues@hotmail.com","roger.rodrigues","re34.E"
"Hamilton da Rocha do Nascimento Zujira","hamilton.zujira@hotmail.com","hamilton.zujira","mm45.I"
"Laerte Bento Schmidt de Azevedo","laerte.azevedo@hotmail.com","laerte.azevedo","rr54.R"
"Olímpia Danielle Urndornão","olímpia.urndornão@bol.com.br","olímpia.urndornão","ím44.M"
"Luiza da Serra","luiza.serra@bol.com.br","luiza.serra","zi34.A"
"Abílio César Xauvavic","abílio.xauvavic@bol.com.br","abílio.xauvavic","íl43.L"
"Lina de Vargas","lina.vargas@outlook.com","lina.vargas","an55.."
"Amélia Daniela de Lima Lizfy Portugal","amélia.portugal@outlook.com","amélia.portugal","ié44.I"
"João Nilton de Osório","joão.osório@hotmail.com","joão.osório","oo35.J"
"Leila de Sampaio","leila.sampaio@hotmail.com","leila.sampaio","ll34.E"
"Simão Elias do Paraná Ximenes","simão.ximenes@bol.com.br","simão.ximenes","oi23.Ã"
"Jair Imzu de Gonçalves","jair.gonçalves@hotmail.com","jair.gonçalves","ii43.R"
"Ismael Kapo","ismael.kapo@msn.com","ismael.kapo","al46.A"
"Laila Camila da Silva de Ortiz Gowaza","laila.gowaza@outlook.com","laila.gowaza","la34.A"
"Margarida de Meireles","margarida.meireles@outlook.com","margarida.meireles","ga34.G"
"Leo Ney da Silva","leo.silva@hotmail.com","leo.silva","..34.."
"Jairo Edinaldo Osuson","jairo.osuson@hotmail.com","jairo.osuson","ra33.A"
"Bruna de Trindade","bruna.trindade@hotmail.com","bruna.trindade","nn45.N"
"Wanda Marli Gomes de Novais","wanda.novais@outlook.com","wanda.novais","an45.D"
"Patrick Álvaro de Bezerra Weiss","patrick.weiss@outlook.com","patrick.weiss","at53.R"
"Jaziel Guilherme Epa","jaziel.epa@outlook.com","jaziel.epa","ii44.I"
"Bianca Ystrom","bianca.ystrom@hotmail.com","bianca.ystrom","cn34.C"
"Jussara Sandra de Leão","jussara.leão@hotmail.com","jussara.leão","rs45.A"
"Gilmara Núbia Preto Eatanma","gilmara.eatanma@hotmail.com","gilmara.eatanma","la33.A"
"Eva de Barros Besa","eva.besa@bol.com.br","eva.besa","..36.B"
"Leandro Oshifa","leandro.oshifa@hotmail.com","leandro.oshifa","nd34.D"
"Edilene Aline dos Pinhais de Souza","edilene.souza@outlook.com","edilene.souza","le42.I"
"Junior de Madureira Oyzer","junior.oyzer@msn.com","junior.oyzer","io34.N"
"Bruna Samanta de Osório","bruna.osório@outlook.com","bruna.osório","uu55.A"
"Eleriane Soraya de Arantes Mineiro Ilmo","eleriane.ilmo@hotmail.com","eleriane.ilmo","ir54.E"
"Xavier de Oliveira Caoe","xavier.caoe@hotmail.com","xavier.caoe","vi44.V"
"Alana Ana da Conceição de Bezerra","alana.bezerra@outlook.com","alana.bezerra","ln45.L"
"Beto Cauê Estrada","beto.estrada@outlook.com","beto.estrada","to32.."
"Elizabete de Ramos da Mata","elizabete.mata@hotmail.com","elizabete.mata","ai43.Z"
"Benedito Arthur Aejabiov Ivolbribo de Barros","benedito.barros@outlook.com","benedito.barros","en33.E"
"Margarida de Souza da Silva","margarida.silva@outlook.com","margarida.silva","ag32.A"
"Geraldo Jesus Mezo das Neves","geraldo.neves@msn.com","geraldo.neves","aa53.L"
"Juliana Gomes","juliana.gomes@outlook.com","juliana.gomes","il44.I"
"Ayrton Max Gomes de Assis Jernmarn","ayrton.jernmarn@bol.com.br","ayrton.jernmarn","rt13.T"
"Rafael de Álvares Rosatto","rafael.rosatto@bol.com.br","rafael.rosatto","ae45.E"
"Fabrício Bóris Paim Maciel de Osório","fabrício.osório@outlook.com","fabrício.osório","ar64.R"
"Augusto João Seixas","augusto.seixas@gmail.com","augusto.seixas","us43.U"
"Demilson Mugigani Ogacromo","demilson.ogacromo@hotmail.com","demilson.ogacromo","ii44.M"
"Raquel Daniela Alumvic Idri","raquel.idri@outlook.com","raquel.idri","el54.A"
"Jardel da Silva","jardel.silva@outlook.com","jardel.silva","de53.R"
"Sérgio Sílvio de Paranhos Tsugate","sérgio.tsugate@bol.com.br","sérgio.tsugate","gi55.R"
"Marciano Hamilton Trevisan","marciano.trevisan@msn.com","marciano.trevisan","ra55.C"
"Jeferson de Fonseca Vaz Júnior","jeferson.júnior@msn.com","jeferson.júnior","fs46.R"
"Melanie de Nogueira Iyolson","melanie.iyolson@outlook.com","melanie.iyolson","na43.L"
"Samila de Diniz","samila.diniz@gmail.com","samila.diniz","ii44.I"
"Demilson Juliano Niho","demilson.niho@outlook.com","demilson.niho","mm35.I"
"Pedro de Silveira","pedro.silveira@outlook.com","pedro.silveira","rd43.D"
"Cibele Raiane dos Santos","cibele.santos@bol.com.br","cibele.santos","il43.L"
"Demilson Schneider Issiy","demilson.issiy@bol.com.br","demilson.issiy","ll44.I"
"Jéssica da Paraíba Dabi","jéssica.dabi@bol.com.br","jéssica.dabi","si63.S"
"Raul Zoshi de Iglesias","raul.iglesias@hotmail.com","raul.iglesias","lg45.L"
"Mikaella Chihefu","mikaella.chihefu@bol.com.br","mikaella.chihefu","ak46.A"
"Severino Moisés de Ortiz","severino.ortiz@outlook.com","severino.ortiz","er65.V"
"Marcielle de Fraga","marcielle.fraga@outlook.com","marcielle.fraga","ra15.C"
"Elano da Silva de Peixoto","elano.peixoto@outlook.com","elano.peixoto","no34.N"
"Karina Brenda Schneider Pinhão de Oliveira","karina.oliveira@outlook.com","karina.oliveira","ir55.I"
"Adílson Heitor Trevisan Gomes","adílson.gomes@outlook.com","adílson.gomes","ís55.S"
"Margarete Tatiana de Ferraz","margarete.ferraz@gmail.com","margarete.ferraz","gr34.A"
"Bella Laila Bahia Oisyze","bella.oisyze@bol.com.br","bella.oisyze","le24.L"
"Renato de Pereira da Mata Pinhão","renato.pinhão@outlook.com","renato.pinhão","en45.E"
"Ingrid Trevisan de Brito Tevinã","ingrid.tevinã@outlook.com","ingrid.tevinã","gg44.R"
"Taís Eliomar de Lisboa da Silva","taís.silva@outlook.com","taís.silva","aí34.S"
"Carolina Camila de Leite Peoazman","carolina.peoazman@outlook.com","carolina.peoazman","ro33.L"
"Andréia da Silva","andréia.silva@outlook.com","andréia.silva","da44.R"
"Dionísio Emos de Salgado","dionísio.salgado@msn.com","dionísio.salgado","sí43.O"
"Matheus Coihe","matheus.coihe@outlook.com","matheus.coihe","te43.E"
"Nair Dina Boaman Schneider","nair.schneider@outlook.com","nair.schneider",".i44.R"
"Melanie de Ferreira Prates Amezão","melanie.amezão@bol.com.br","melanie.amezão","ai44.A"
"Bella de Sobral Dowabiba","bella.dowabiba@bol.com.br","bella.dowabiba","la44.E"
"Marli Bianca dos Santos Leyi da Conceição","marli.conceição@bol.com.br","marli.conceição","lr34.L"
"Denise Rosilda de Alvarenga","denise.alvarenga@hotmail.com","denise.alvarenga","is55.I"
"Tomáz de Barboza Dualorn do Nascimento","tomáz.nascimento@msn.com","tomáz.nascimento","má54.O"
"Everton Willian Gaki Opizel","everton.opizel@outlook.com","everton.opizel","rr44.T"
"Léia Paula Caope Eail de Borges","léia.borges@msn.com","léia.borges",".a43.I"
"Giovanni Cavalcante da Nóbrega","giovanni.nóbrega@hotmail.com","giovanni.nóbrega","na43.O"
"Giuseppe de Castro Castelo","giuseppe.castelo@outlook.com","giuseppe.castelo","ps35.U"
"Sâmia Iorni","sâmia.iorni@bol.com.br","sâmia.iorni","aa45.A"
"Clara Luckam","clara.luckam@hotmail.com","clara.luckam","aa33.A"
"Quitéria da Silva","quitéria.silva@hotmail.com","quitéria.silva","tt53.R"
"Marcela Maria Zane","marcela.zane@hotmail.com","marcela.zane","le44.C"
"Alexandre Daboya","alexandre.daboya@hotmail.com","alexandre.daboya","ex35.A"
"Lúcio de Braga","lúcio.braga@outlook.com","lúcio.braga","o.35.C"
"Amanda Kegapo de Fernandes","amanda.fernandes@outlook.com","amanda.fernandes","nd34.A"
"Ana Gisele Azom","ana.azom@gmail.com","ana.azom","..32.."
"Diogo Ederson do Amaral","diogo.amaral@outlook.com","diogo.amaral","gg45.O"
"Eustáquio Jonas de Barbosa dos Santos Ornlo","eustáquio.ornlo@bol.com.br","eustáquio.ornlo","uá24.S"
"Karin Serno Irntao","karin.irntao@msn.com","karin.irntao","rn54.A"
"Olívia Surunezra","olívia.surunezra@bol.com.br","olívia.surunezra","vi53.I"
"Beto Celso de Sobral","beto.sobral@bol.com.br","beto.sobral","ts35.O"
"Catarina Banhos","catarina.banhos@gmail.com","catarina.banhos","tr45.A"
"Isaiane Kelly de Chaves","isaiane.chaves@hotmail.com","isaiane.chaves","ai54.A"
"Nicole da Silva","nicole.silva@outlook.com","nicole.silva","ol34.C"
"Luciano Cheimer","luciano.cheimer@bol.com.br","luciano.cheimer","ac65.I"
"Catarina de Vieira Ucatu","catarina.ucatu@outlook.com","catarina.ucatu","ra55.A"
"Ismael Tiago da Silva","ismael.silva@hotmail.com","ismael.silva","mm24.E"
"Reinaldo Krolo Moreno","reinaldo.moreno@msn.com","reinaldo.moreno","ni65.L"
"José Juan Gegrurn de Figueiredo","josé.figueiredo@bol.com.br","josé.figueiredo",".s43.."
"Nilton Gabriel de Pereira da Silva Oaer","nilton.oaer@outlook.com","nilton.oaer","nl35.I"
"Celso Damião de Palhares","celso.palhares@bol.com.br","celso.palhares",".o24.S"
"Avelino de Martins","avelino.martins@hotmail.com","avelino.martins","vl33.L"
"Alexandre Oliver de Camargo","alexandre.camargo@bol.com.br","alexandre.camargo","an15.E"
"Luiz de Camargo da Silva","luiz.silva@hotmail.com","luiz.silva",".z53.Z"
"Yuri Mendes Favilime Júnior","yuri.júnior@bol.com.br","yuri.júnior","i.45.I"
"Filipe Israel Prates","filipe.prates@outlook.com","filipe.prates","ii34.P"
"Nivaldo de Drummond Franco","nivaldo.franco@bol.com.br","nivaldo.franco","dl44.A"
"Romildo Edu dos Santos Júnior","romildo.júnior@bol.com.br","romildo.júnior","mi33.L"
"Tiago Severino da Cunha","tiago.cunha@outlook.com","tiago.cunha","ag34.G"
"Charlene Sabrina Paim Udinuan Duque","charlene.duque@bol.com.br","charlene.duque","la55.R"
"Vívian da Silva de Souza","vívian.souza@hotmail.com","vívian.souza","ii44.I"
"Ezequiel Bartolomeu de Diniz Tarnban","ezequiel.tarnban@hotmail.com","ezequiel.tarnban","uq54.Z"
"Israel Ciro Shihea de Ayres","israel.ayres@msn.com","israel.ayres","aa54.S"
"Viviane Luzimara Maciel Marques","viviane.marques@outlook.com","viviane.marques","iv33.V"
"Sandro Nilo do Amazonas","sandro.amazonas@gmail.com","sandro.amazonas","rn44.R"
"Melanie Keatepli Soli Rosatto","melanie.rosatto@hotmail.com","melanie.rosatto","ll33.N"
"Samara Genir Maean Freire","samara.freire@outlook.com","samara.freire","am32.A"
"Priscila Eliomar Pitaso","priscila.pitaso@bol.com.br","priscila.pitaso","ii33.I"
"Karina Nádia de Gusmão","karina.gusmão@outlook.com","karina.gusmão","nk44.R"
"Marcielle Andréia de Chaves Bossa","marcielle.bossa@bol.com.br","marcielle.bossa","ac24.R"
"Tiago dos Reis Júnior","tiago.júnior@bol.com.br","tiago.júnior","gg33.A"
"Marlon Geineman","marlon.geineman@msn.com","marlon.geineman","rr34.L"
"Lígia de Peres Couto","lígia.couto@outlook.com","lígia.couto","ia45.G"
"Leni Meire de Padilha dos Santos","leni.santos@outlook.com","leni.santos","..34.N"
"Ivete Paim","ivete.paim@gmail.com","ivete.paim","ee43.E"
"Kelly Fernanda Donigiku de Teixeira","kelly.teixeira@outlook.com","kelly.teixeira",".y54.Y"
"Romildo Nuke Aepuz","romildo.aepuz@hotmail.com","romildo.aepuz","ld54.I"
"David da Paraíba Pires","david.pires@hotmail.com","david.pires","ii45.A"
"Solange de Salvador da Silva","solange.silva@outlook.com","solange.silva","la36.A"
"Tiago Alberto de Lemes","tiago.lemes@bol.com.br","tiago.lemes","aa56.G"
"Everton José do Nascimento de Arantes Gibreão","everton.gibreão@gmail.com","everton.gibreão","re55.V"
"Willian de Gusmão","willian.gusmão@outlook.com","willian.gusmão","ll34.L"
"Graziele Leonara de Britto","graziele.britto@outlook.com","graziele.britto","zz54.E"
"Caio Otávio Bapiwo Júnior","caio.júnior@hotmail.com","caio.júnior","oa45.O"
"Nicole Eulália de Pinheiro Klein","nicole.klein@outlook.com","nicole.klein","ll54.C"
"Filipe Luciano dos Santos","filipe.santos@outlook.com","filipe.santos","ii54.L"
"Roberto de Fraga Mutsuchi","roberto.mutsuchi@outlook.com","roberto.mutsuchi","tr35.E"
"Osório Castelo Branco Marques","osório.marques@gmail.com","osório.marques","ir44.R"
"Mônica de Oliveira Ebiys","mônica.ebiys@yahoo.com","mônica.ebiys","nn44.I"
"Jandira Maria de Souza Gusier Torres","jandira.torres@outlook.com","jandira.torres","dn36.D"
"Josilda de Simões Hehi","josilda.hehi@bol.com.br","josilda.hehi","ii54.I"
"Mônica da Cruz","mônica.cruz@outlook.com","mônica.cruz","in54.C"
"Raiane de Sampaio","raiane.sampaio@bol.com.br","raiane.sampaio","ia43.N"
"Yuri Raí Mercado Trevisan de Noronha","yuri.noronha@bol.com.br","yuri.noronha","ir33.."
"Fagner de Leite Hiniman","fagner.hiniman@outlook.com","fagner.hiniman",".g44.."
"Cléber Avelino da Silva Nunes de Figueiredo","cléber.figueiredo@outlook.com","cléber.figueiredo","lé34.B"
"Cleuza Lipuym","cleuza.lipuym@hotmail.com","cleuza.lipuym","ea46.Z"
"Edivaldo de Gonçalves Aier Glimudlos Júnior","edivaldo.júnior@bol.com.br","edivaldo.júnior","ii43.V"
"Jason de Morais Moreno","jason.moreno@outlook.com","jason.moreno","no43.S"
"Suzy Cibele Bowahogi de Pimentel","suzy.pimentel@msn.com","suzy.pimentel","y.45.P"
"Tânia de Leite","tânia.leite@gmail.com","tânia.leite",".i53.A"
"Décio Xerxes dos Santos","décio.santos@outlook.com","décio.santos","ii35.I"
"Mike dos Santos Fulusy","mike.fulusy@bol.com.br","mike.fulusy","ee46.K"
"Eleriane de Alvim da Silva","eleriane.silva@bol.com.br","eleriane.silva","ae42.E"
"Roseli de Muniz Yurasa","roseli.yurasa@hotmail.com","roseli.yurasa","ll44.O"
"Aline Breo","aline.breo@hotmail.com","aline.breo","in55.N"
"Carlos Vlonfe da Silva","carlos.silva@outlook.com","carlos.silva","ll46.R"
"Wagner de Iglesias Vlimcresa","wagner.vlimcresa@outlook.com","wagner.vlimcresa","nn33.N"
"Sabrina de Sá Izfi Aclae","sabrina.aclae@gmail.com","sabrina.aclae","ri45.B"
"Luciana de Angola","luciana.angola@outlook.com","luciana.angola","uu54.I"
"Hellen Margarete Gomes","hellen.gomes@outlook.com","hellen.gomes","ln53.L"
"Melanie Zenaide de Alcântara","melanie.alcântara@outlook.com","melanie.alcântara","nn34.E"
"Ronaldo de Barboza Ielim Júnior","ronaldo.júnior@hotmail.com","ronaldo.júnior","na43.L"
"Itamar Martin Vrasshoz","itamar.vrasshoz@outlook.com","itamar.vrasshoz","aa45.A"
"Meire Teresa de Andrade Valente Yckez","meire.yckez@bol.com.br","meire.yckez","ii42.I"
"Hilton Damião Eivic Mesfo","hilton.mesfo@outlook.com","hilton.mesfo","oi34.T"
"Rosana Ungo","rosana.ungo@hotmail.com","rosana.ungo","on34.A"
"Gigi de Nogueira Isouzpa","gigi.isouzpa@outlook.com","gigi.isouzpa",".i46.I"
"Zuleide de Cardoso dos Santos","zuleide.santos@outlook.com","zuleide.santos","ie55.E"
"Ana de Paula Fortes","ana.fortes@hotmail.com","ana.fortes",".o35.A"
"Yasmin da Graça Oguchi","yasmin.oguchi@gmail.com","yasmin.oguchi","ns35.I"
"Eduardo Luan de Pereira","eduardo.pereira@bol.com.br","eduardo.pereira","ra46.U"
"Rebeca de Barbosa da Cruz Franco","rebeca.franco@hotmail.com","rebeca.franco","bb54.E"
"Leila Arne","leila.arne@hotmail.com","leila.arne",".i63.A"
"Micael Fabrício de Palhares da Silva","micael.silva@msn.com","micael.silva","aa45.L"
"Aline Regina Giezy","aline.giezy@hotmail.com","aline.giezy","lg73.N"
"Ali de Malta","ali.malta@bol.com.br","ali.malta","i.54.."
"Rodrigo Reinaldo Rebi Sabbikribo","rodrigo.sabbikribo@hotmail.com","rodrigo.sabbikribo","io44.D"
"Eric Lyzvoan","eric.lyzvoan@outlook.com","eric.lyzvoan",".c45.."
"Karina Ivete de França","karina.frança@outlook.com","karina.frança","ii33.."
"Ana da Silva Soavic","ana.soavic@hotmail.com","ana.soavic",".s45.."
"Mayara Maria Milani","mayara.milani@hotmail.com","mayara.milani","ry25.A"
"Edilene Kelly de Pereira da Paz","edilene.paz@outlook.com","edilene.paz","el54.L"
"Mariana de Pereira","mariana.pereira@bol.com.br","mariana.pereira","ai64.A"
"Gigi Maria dos Santos Giclivolgri Omajal","gigi.omajal@gmail.com","gigi.omajal","ii24.."
"Teresa Lara da Conceição Jardim de Paula","teresa.paula@outlook.com","teresa.paula","rr32.S"
"Ronaldo Moisés Iarnman Esrryson de Moura","ronaldo.moura@bol.com.br","ronaldo.moura","lo35.A"
"Wilma Dina de Noronha Milani","wilma.milani@hotmail.com","wilma.milani","mm55.A"
"Keyla de Souza","keyla.souza@outlook.com","keyla.souza","yl44.E"
"Michel Ysoman de Siqueira Júnior","michel.júnior@outlook.com","michel.júnior","ce43.H"
"Hildebrando de Lemos Osbavic","hildebrando.osbavic@outlook.com","hildebrando.osbavic","de62.L"
"Dina Zuleide Jangada de Lemes","dina.lemes@bol.com.br","dina.lemes","ai43.L"
"Charlene dos Pinhais Gomes","charlene.gomes@outlook.com","charlene.gomes","cl55.R"
"Samuel de Brandão Dutra","samuel.dutra@outlook.com","samuel.dutra","me35.U"
"João Refirn","joão.refirn@gmail.com","joão.refirn",".ã34.O"
"Natália Matilde de Sampaio do Paraná","natália.paraná@outlook.com","natália.paraná","lá45.T"
"Dante Grarnjaivic de Mendonça","dante.mendonça@outlook.com","dante.mendonça","en42.T"
"João Kisoka de Simões","joão.simões@bol.com.br","joão.simões","oo23.Ã"
"Rodrigo Eukogavic Sagu","rodrigo.sagu@hotmail.com","rodrigo.sagu","id35.G"
"Osvaldo de Noronha","osvaldo.noronha@msn.com","osvaldo.noronha","lv53.A"
"Wilson Ali Zascembizman Chira","wilson.chira@outlook.com","wilson.chira","os44.S"
"Sebastião Nathan de Mello","sebastião.mello@outlook.com","sebastião.mello","ae44.S"
"Paulo Patrick Brasil","paulo.brasil@bol.com.br","paulo.brasil","lu33.L"
"Vânia Núbia da Silva","vânia.silva@hotmail.com","vânia.silva","na42.I"
"Vinícius Isaías de Oliveira","vinícius.oliveira@outlook.com","vinícius.oliveira","cí44.Í"
"Vitor Cauê Rodrigues Júnior","vitor.júnior@msn.com","vitor.júnior","to33.T"
"Jairo Marco de Osório","jairo.osório@outlook.com","jairo.osório","ir43.R"
"Leo da Silva de Paranhos","leo.paranhos@msn.com","leo.paranhos","e.53.O"
"Elaine Luciana da Silva","elaine.silva@hotmail.com","elaine.silva","ei44.I"
"Túlio Jardim Aoma","túlio.aoma@outlook.com","túlio.aoma","il44.I"
"Edu Volaz","edu.volaz@outlook.com","edu.volaz","uv43.V"
"Alana de Albuquerque","alana.albuquerque@outlook.com","alana.albuquerque","nn43.N"
"Mel Solange de Souza Grogranpoz","mel.grogranpoz@hotmail.com","mel.grogranpoz","ll44.L"
"Heron Hildebrando Maoã","heron.maoã@outlook.com","heron.maoã","oe45.R"
"Wilma Samara Messol","wilma.messol@hotmail.com","wilma.messol","lm55.M"
"Jackson Ilmogarn de Souza","jackson.souza@bol.com.br","jackson.souza","ss64.K"
"Ademar Graeman Júnior","ademar.júnior@bol.com.br","ademar.júnior","me26.E"
"Hércules de Arruda Neto","hércules.neto@gmail.com","hércules.neto","cr45.C"
"Batista Eprickya da Gama","batista.gama@bol.com.br","batista.gama","is43.I"
"Quênia Adriana da Silva Rossi Garu","quênia.garu@hotmail.com","quênia.garu","ên35.U"
"Orlando Oeov","orlando.oeov@outlook.com","orlando.oeov","aa64.A"
"Samila Nicole Ipoecoson da Luz","samila.luz@bol.com.br","samila.luz","ii56.L"
"Nivaldo de Fernandes da Cruz","nivaldo.cruz@outlook.com","nivaldo.cruz","ad55.L"
"Susan de Chaves","susan.chaves@hotmail.com","susan.chaves","an44.A"
"Baltazar de Carvalho Júnior","baltazar.júnior@outlook.com","baltazar.júnior","lz34.A"
"Carla Talita de Alvarenga Jirehi","carla.jirehi@outlook.com","carla.jirehi","la34.L"
"Wally Oeol","wally.oeol@bol.com.br","wally.oeol","ll35.L"
"Raíssa de Borges Bauyuwa","raíssa.bauyuwa@gmail.com","raíssa.bauyuwa","sí42.R"
"Barnabé Pezu Bushitamo da Silva","barnabé.silva@gmail.com","barnabé.silva","ba52.A"
"Cristiano da Silva Gomes","cristiano.gomes@bol.com.br","cristiano.gomes","ts55.S"
"Karl dos Santos Cavalcante Waji","karl.waji@bol.com.br","karl.waji","w.54.L"
"Jaqueline do Piauí de Assis Yason","jaqueline.yason@outlook.com","jaqueline.yason","qu44.Q"
"Rose Rita de Antunes Maciel","rose.maciel@bol.com.br","rose.maciel","em34.S"
"Wally Barnabé do Piauí de Camargo","wally.camargo@bol.com.br","wally.camargo","ll43.L"
"Hilda de Paranhos","hilda.paranhos@gmail.com","hilda.paranhos","da43.L"
"Kiara Branco","kiara.branco@bol.com.br","kiara.branco","ii33.A"
"Adriana Catarina Nascrau","adriana.nascrau@outlook.com","adriana.nascrau","nn75.I"
"Alberto Joaquim de Oliveira","alberto.oliveira@outlook.com","alberto.oliveira","bb45.R"
"Martin Romo de Simões","martin.simões@outlook.com","martin.simões","it24.T"
"Tomáz Roger de Chaves Opro","tomáz.opro@bol.com.br","tomáz.opro","á.54.O"
"Vitor Joel Funi","vitor.funi@outlook.com","vitor.funi","or44.R"
"Orlando Eirn","orlando.eirn@bol.com.br","orlando.eirn","aa45.A"
"Rodrigo de Oliveira","rodrigo.oliveira@outlook.com","rodrigo.oliveira","id34.I"
"Suely Gutierrez","suely.gutierrez@hotmail.com","suely.gutierrez","le14.E"
"Marcelo de Rezende","marcelo.rezende@bol.com.br","marcelo.rezende","ce45.C"
"Solange Elisete de Trindade Moreno","solange.moreno@bol.com.br","solange.moreno","al45.G"
"Diogo Jorge de Ortega","diogo.ortega@msn.com","diogo.ortega","oo35.G"
"Hellen Couto","hellen.couto@outlook.com","hellen.couto","le54.L"
"Vanda Isabela Aconidizman Nazge Daisvic","vanda.daisvic@bol.com.br","vanda.daisvic","dd45.A"
"Nivaldo Guilherme Cinlean de Brandão","nivaldo.brandão@msn.com","nivaldo.brandão","ll54.V"
"Daniela Ísis Grisparn Rangel de Cardozo","daniela.cardozo@outlook.com","daniela.cardozo","in43.I"
"Jesus Shoi de Lisboa","jesus.lisboa@hotmail.com","jesus.lisboa","ss44.U"
"Juliano de Almeida","juliano.almeida@outlook.com","juliano.almeida","au46.I"
"Sabrina Lidiane de Brito Espada","sabrina.espada@outlook.com","sabrina.espada","rb45.B"
"Janete Roseli Gomes","janete.gomes@outlook.com","janete.gomes","nt45.T"
"Wilma Broem","wilma.broem@msn.com","wilma.broem","al44.M"
"Marilúcia Célia da Silva","marilúcia.silva@outlook.com","marilúcia.silva","li44.I"
"Beto da Paz de Barbosa","beto.barbosa@outlook.com","beto.barbosa","to65.T"
"Domingos Lino da Silva Asarnciryson","domingos.asarnciryson@outlook.com","domingos.asarnciryson","mm54.M"
"Ariel Eleriane Kogu","ariel.kogu@outlook.com","ariel.kogu","el44.E"
"Juliano Wagner Vacis Kizebu","juliano.kizebu@outlook.com","juliano.kizebu","il43.I"
"Barnabé de Ferraz","barnabé.ferraz@bol.com.br","barnabé.ferraz","an53.N"
"Martinho Lúcio dos Santos","martinho.santos@outlook.com","martinho.santos","tr44.I"
"Josiane Epoa Mobezopi","josiane.mobezopi@bol.com.br","josiane.mobezopi","as55.I"
"Luiz Dionísio de Souza Kuwauwa","luiz.kuwauwa@bol.com.br","luiz.kuwauwa",".i41.Z"
"César Luiz da Silva","césar.silva@bol.com.br","césar.silva","..15.A"
"Manuel de Araújo","manuel.araújo@hotmail.com","manuel.araújo","ua43.U"
"Meire da Costa Ifye","meire.ifye@msn.com","meire.ifye","ri45.R"
"Eduarda Repi","eduarda.repi@outlook.com","eduarda.repi","ra54.U"
"Telma Branco","telma.branco@outlook.com","telma.branco","aa54.."
"Arthur da Silva","arthur.silva@bol.com.br","arthur.silva","tu64.U"
"Clotilde Franco","clotilde.franco@bol.com.br","clotilde.franco","ii35.L"
"Davi Lornluov","davi.lornluov@hotmail.com","davi.lornluov","lv44.V"
"Otávia de Lins","otávia.lins@hotmail.com","otávia.lins","vv46.T"
"João Roberto Castelo","joão.castelo@hotmail.com","joão.castelo","o.34.C"
"Hugo Ramon de Ayres","hugo.ayres@outlook.com","hugo.ayres","ug35.G"
"Charlene Sino","charlene.sino@outlook.com","charlene.sino","ra45.R"
"Dante Sérgio Fralithiason","dante.fralithiason@outlook.com","dante.fralithiason","an56.N"
"Damião de Sampaio Valverde","damião.valverde@bol.com.br","damião.valverde","ii33.O"
"Gislaine Jaqueline Chauge de Mello","gislaine.mello@hotmail.com","gislaine.mello","as24.L"
"Saulo Maurício Couto","saulo.couto@hotmail.com","saulo.couto","lo43.."
"Alan Kafubi Moaozbri","alan.moaozbri@bol.com.br","alan.moaozbri","nn44.L"
"Quitéria Anne de Lisboa da Silva do Prado","quitéria.prado@bol.com.br","quitéria.prado","éé54.T"
"Wilson Uarn Dashibun Neto","wilson.neto@gmail.com","wilson.neto","ls35.L"
"Toninho Manoel Tifofinozvic Torres","toninho.torres@outlook.com","toninho.torres","oi23.N"
"Gigi de Santana da Silva","gigi.silva@hotmail.com","gigi.silva","si53.S"
"Túlio Nelson da Silva de Alvim","túlio.alvim@gmail.com","túlio.alvim","il43.I"
"Túlio Espada de Campos Júnior","túlio.júnior@outlook.com","túlio.júnior","io34.I"
"Mayara Dina Emal Cocrivic","mayara.cocrivic@outlook.com","mayara.cocrivic","ra65.A"
"Henrique Emílio Tufelu de Souza da Encarnação","henrique.encarnação@outlook.com","henrique.encarnação","ii33.N"
"Elano Raul Portugal","elano.portugal@outlook.com","elano.portugal","nn22.N"
"Cirilo Wirngascau","cirilo.wirngascau@bol.com.br","cirilo.wirngascau","ri54.I"
"Toninho Martinez","toninho.martinez@outlook.com","toninho.martinez","nn55.N"
"Leo Goplasvic Ifranão Neto","leo.neto@hotmail.com","leo.neto",".o55.T"
"Xerxes Cléber Azchu","xerxes.azchu@hotmail.com","xerxes.azchu","sx35.S"
"Paula de Oliveira","paula.oliveira@outlook.com","paula.oliveira","uu66.L"
"Marina Cleuza Garnulaman","marina.garnulaman@outlook.com","marina.garnulaman","ar56.I"
"Suellen Juliana Aodos de São Pedro","suellen.pedro@hotmail.com","suellen.pedro","el43.L"
"Catarina dos Santos Kasuzete","catarina.kasuzete@outlook.com","catarina.kasuzete","ra54.A"
"Jaqueline Iepam","jaqueline.iepam@bol.com.br","jaqueline.iepam","ue43.E"
"Otávia Coutinho","otávia.coutinho@outlook.com","otávia.coutinho","iv16.Á"
"José de Cabral","josé.cabral@hotmail.com","josé.cabral","éc23.S"
"Júlio Ricardo Zudawoga","júlio.zudawoga@outlook.com","júlio.zudawoga","lo55.I"
"Nádia Borba Difil","nádia.difil@bol.com.br","nádia.difil","id34.A"
"João Imiencezvic","joão.imiencezvic@bol.com.br","joão.imiencezvic","oo24.Ã"
"Cíntia Valeska Portugal Marinho","cíntia.marinho@bol.com.br","cíntia.marinho","ii25.N"
"Ciro Danilo Yvulam","ciro.yvulam@outlook.com","ciro.yvulam","o.53.O"
"Albina Viviane de Osório","albina.osório@outlook.com","albina.osório","in25.N"
"Anne Vanda Lulse Pires","anne.pires@hotmail.com","anne.pires","a.44.E"
"Romildo Luan da Silva","romildo.silva@bol.com.br","romildo.silva","ll54.I"
"Willian Dionísio Castelo Branco","willian.branco@hotmail.com","willian.branco","ll43.I"
"Shirley Tristão","shirley.tristão@hotmail.com","shirley.tristão","ii44.L"
"Alan dos Santos da Silva","alan.silva@outlook.com","alan.silva",".n53.A"
"Gilmar Valverde","gilmar.valverde@msn.com","gilmar.valverde","lm55.A"
"Benedito Gomes de Morais Júnior","benedito.júnior@bol.com.br","benedito.júnior","ee34.E"
"Fagner Moisés da Silva Júnior","fagner.júnior@bol.com.br","fagner.júnior","ng33.E"
"Benedito Willian de Souza Valente Dutra","benedito.dutra@outlook.com","benedito.dutra","ee24.E"
"Bella de Brito","bella.brito@hotmail.com","bella.brito","ll54.L"
"Nayara Milene de Drummond Weiss","nayara.weiss@outlook.com","nayara.weiss","ar43.R"
"Aldo Carlos da Silva de Rezende","aldo.rezende@outlook.com","aldo.rezende","do54.O"
"Bento Thiago de Cardozo Dazubata Júnior","bento.júnior@outlook.com","bento.júnior","tt44.T"
"Fernanda Mineiro","fernanda.mineiro@bol.com.br","fernanda.mineiro","na45.R"
"José Amarildo Espada de Junqueira","josé.junqueira@hotmail.com","josé.junqueira","ss44.S"
"Margarete de Pascoal da Paixão Ouov","margarete.ouov@bol.com.br","margarete.ouov","gr42.A"
"Marcielle Marielle de Freitas","marcielle.freitas@bol.com.br","marcielle.freitas","cr44.C"
"Heitor Craismmuco de Souza","heitor.souza@hotmail.com","heitor.souza","ii43.T"
"Flávia Laís Warou da Paraíba Aoiman","flávia.aoiman@bol.com.br","flávia.aoiman","ii33.V"
"Hilda Gromeov de Leão Weber","hilda.weber@msn.com","hilda.weber","ad32.A"
"Maria de Tozetto da Silva Couto","maria.couto@hotmail.com","maria.couto","ri45.A"
"Rosa da Silva","rosa.silva@bol.com.br","rosa.silva","s.54.A"
"Maria Dutra","maria.dutra@hotmail.com","maria.dutra","ia25.R"
"Margarida Mônica de Cerqueira dos Reis","margarida.reis@bol.com.br","margarida.reis","aa24.R"
"Juliano Rodrigo Estrada de Barros da Cunha Júnior","juliano.júnior@outlook.com","juliano.júnior","ui54.L"
"Andressa de Souza Tezosoto Gokupehe","andressa.gokupehe@msn.com","andressa.gokupehe","rr44.R"
"Juliano Leopoldo de Gusmão do Prado","juliano.prado@hotmail.com","juliano.prado","li44.A"
"Eloá Dovlison","eloá.dovlison@outlook.com","eloá.dovlison","áo35.L"
"Nicolau Valverde","nicolau.valverde@hotmail.com","nicolau.valverde","oo34.L"
"Heitor de Souza","heitor.souza@outlook.com","heitor.souza","ei63.I"
"Soraya de Lisboa","soraya.lisboa@hotmail.com","soraya.lisboa","ra43.A"
"Lara de Macedo dos Santos","lara.santos@hotmail.com","lara.santos",".a53.A"
"Janaína de São Pedro Maciel","janaína.maciel@bol.com.br","janaína.maciel","ía44.A"
"Manuel Agrason Gomes Rodrigues","manuel.rodrigues@hotmail.com","manuel.rodrigues","un44.E"
"João Marcelo Couto","joão.couto@bol.com.br","joão.couto","ão23.Ã"
"Oliver Nosto Bide Júnior","oliver.júnior@hotmail.com","oliver.júnior","ev44.I"
"Albina Afraziuman da Serra Yupukefu","albina.yupukefu@outlook.com","albina.yupukefu","ia55.B"
"Ariana de Pereira Dozebe","ariana.dozebe@bol.com.br","ariana.dozebe","aa34.A"
"Heron Martin de Figueiredo","heron.figueiredo@bol.com.br","heron.figueiredo","rn34.R"
"Zenaide Leonara Elome","zenaide.elome@outlook.com","zenaide.elome","in45.A"
"Maria Otávia Envuasboan dos Santos","maria.santos@outlook.com","maria.santos","ia66.I"
"Mariano Alisson da Silva Júnior","mariano.júnior@bol.com.br","mariano.júnior","ra45.I"
"Wilma de Torquato Jardim","wilma.jardim@hotmail.com","wilma.jardim","m.45.M"
"Gislaine Gomes","gislaine.gomes@hotmail.com","gislaine.gomes","ls42.A"
"Pedro de Assis","pedro.assis@outlook.com","pedro.assis","ed45.R"
"João Olavo Pinhão de Paiva Jangada Neto","joão.neto@outlook.com","joão.neto",".o64.."
"Andréia Marques","andréia.marques@bol.com.br","andréia.marques","éd44.D"
"Vívian de Leão Torres","vívian.torres@bol.com.br","vívian.torres","iv42.I"
"Cristiane Daiane de Ortega Maciel","cristiane.maciel@outlook.com","cristiane.maciel","it24.S"
"Nair Euer","nair.euer@gmail.com","nair.euer",".a35.."
"Yeda Gigi Iesrre Ernu Ymsu","yeda.ymsu@outlook.com","yeda.ymsu","aa25.A"
"Décio Wagner da Gama de Oliveira","décio.oliveira@outlook.com","décio.oliveira","éi55.C"
"Cléber Gomes","cléber.gomes@outlook.com","cléber.gomes","eb45.B"
"Kim Schneider Júnior","kim.júnior@hotmail.com","kim.júnior","mj53.."
"Cíntia Karina Eneciã da Silva Focri","cíntia.focri@outlook.com","cíntia.focri","in24.I"
"Ana Poliana Teles de Paranhos","ana.paranhos@hotmail.com","ana.paranhos","a.54.P"
"Diana Madalena dos Santos","diana.santos@outlook.com","diana.santos",".a54.A"
"Beatriz Burahaka de Braga","beatriz.braga@outlook.com","beatriz.braga","rr44.A"
"Aline Eioer","aline.eioer@hotmail.com","aline.eioer","ne32.."
"Eliel Jesus Crimdoer Pugonebu","eliel.pugonebu@bol.com.br","eliel.pugonebu","il56.E"
"Laerte de Matos Yzmeason","laerte.yzmeason@hotmail.com","laerte.yzmeason","re64.R"
"Laerte Marciano Ribeiro Rodrigues","laerte.rodrigues@gmail.com","laerte.rodrigues","te43.R"
"Ana Povy Nakimito","ana.nakimito@outlook.com","ana.nakimito","na55.N"
"Zara Meire Freire","zara.freire@bol.com.br","zara.freire","fr46.A"
"Giovanni de Campos Júnior","giovanni.júnior@outlook.com","giovanni.júnior","oo57.O"
"Robson de Souza Ntsu Vigoa","robson.vigoa@bol.com.br","robson.vigoa","so44.S"
"Rebeca Xilena dos Santos de Souza","rebeca.souza@hotmail.com","rebeca.souza",".b46.B"
"Omar Armando da Silva Bazanu","omar.bazanu@outlook.com","omar.bazanu","ar54.A"
"Jean Aerndlo de Oliveira Banhos","jean.banhos@gmail.com","jean.banhos","ne35.N"
"Júlio Josiel Uwocleson","júlio.uwocleson@bol.com.br","júlio.uwocleson","úo24.I"
"Sara dos Santos","sara.santos@msn.com","sara.santos","r.53.."
"Simone Olkue","simone.olkue@bol.com.br","simone.olkue","on53.I"
"Edivaldo César Martinez","edivaldo.martinez@outlook.com","edivaldo.martinez","lv43.A"
"Fátima de Barbosa Elcovic","fátima.elcovic@outlook.com","fátima.elcovic","aa23.I"
"Bruna de Souza Gaeo","bruna.gaeo@gmail.com","bruna.gaeo","au34.U"
"Uribe Herrera","uribe.herrera@bol.com.br","uribe.herrera",".r52.B"
"Margarete Rute da Mata do Espírito Santo","margarete.santo@outlook.com","margarete.santo","aa33.G"
"Maria Vânia de Sampaio","maria.sampaio@hotmail.com","maria.sampaio","ri32.I"
"Denis Anderson de Queiroz","denis.queiroz@hotmail.com","denis.queiroz","ns44.S"
"André de Souza Júnior","andré.júnior@outlook.com","andré.júnior",".r45.R"
"Hilda Klein Moboze","hilda.moboze@hotmail.com","hilda.moboze","la24.D"
"Celso Robert Bere Júnior","celso.júnior@outlook.com","celso.júnior","lc35.S"
"Joaquim Orlando Pires","joaquim.pires@hotmail.com","joaquim.pires","aa34.U"
"Gilberto Jardel de Sales da Silva","gilberto.silva@msn.com","gilberto.silva","ei44.B"
"Samara Cecília Arndro","samara.arndro@outlook.com","samara.arndro","ma35.M"
"Alberto Elói da Silva Câmara","alberto.câmara@bol.com.br","alberto.câmara","el45.R"
"Daiane de Pinheiro","daiane.pinheiro@gmail.com","daiane.pinheiro","ni44.N"
"Dionísio de Diniz","dionísio.diniz@outlook.com","dionísio.diniz","nn65.I"
"Avelino Gilson da Silva Drirngaer","avelino.drirngaer@hotmail.com","avelino.drirngaer","le74.I"
"Jorge Góis de Uchôa","jorge.uchôa@hotmail.com","jorge.uchôa","gg44.E"
"Otávio Israel de Diniz","otávio.diniz@msn.com","otávio.diniz","it33.Á"
"Madalena Úrsula Gesiz","madalena.gesiz@hotmail.com","madalena.gesiz","ll35.D"
"Verônica Dine Mavio","verônica.mavio@outlook.com","verônica.mavio","rô43.R"
"Nilton da Silva de Farias Eorndoce","nilton.eorndoce@bol.com.br","nilton.eorndoce","tt53.O"
"Dionísio de Ortiz Matsuina","dionísio.matsuina@outlook.com","dionísio.matsuina","oo43.O"
"Gabriel Pimenta Terceiro","gabriel.terceiro@hotmail.com","gabriel.terceiro","rr54.A"
"Thiago Udreman Jangada","thiago.jangada@bol.com.br","thiago.jangada","ii34.."
"Selma Eliane dos Santos","selma.santos@outlook.com","selma.santos","am55.M"
"Neila Eleonora Rosatto","neila.rosatto@hotmail.com","neila.rosatto","aa44.A"
"Antônio Dário da Cunha de Jesus","antônio.jesus@hotmail.com","antônio.jesus","ôô34.Ô"
"Ezequiel Walter de Angola Guedes Jardim","ezequiel.jardim@msn.com","ezequiel.jardim","qq33.U"
"Quitéria Anna da Cunha de Rezende Varnma","quitéria.varnma@hotmail.com","quitéria.varnma","it34.T"
"Cláudia Vitória de Lisboa","cláudia.lisboa@gmail.com","cláudia.lisboa","ád44.U"
"Zenaide Rute dos Santos de Jesus","zenaide.jesus@bol.com.br","zenaide.jesus","an34.N"
"Manuela da Silva","manuela.silva@outlook.com","manuela.silva","ua34.E"
"Rafaela Selena Teles","rafaela.teles@hotmail.com","rafaela.teles","af45.E"
"Oliver Pae","oliver.pae@gmail.com","oliver.pae","ee45.I"
"Everton da Mata Júnior","everton.júnior@outlook.com","everton.júnior","rr45.T"
"Elisete Mikaella de Uchôa Lonchasi Aeamplo","elisete.aeamplo@bol.com.br","elisete.aeamplo","is34.S"
"Edilene Nádia Lerason de Fonseca da Silva","edilene.silva@bol.com.br","edilene.silva","el55.L"
"Jardel da Paraíba","jardel.paraíba@outlook.com","jardel.paraíba","ed34.R"
"Leo Celso de Vieira","leo.vieira@hotmail.com","leo.vieira","vo52.O"
"Valéria Albina de Oliveira Raison Poessimoer","valéria.poessimoer@outlook.com","valéria.poessimoer","él54.É"
"Marcela Frias","marcela.frias@outlook.com","marcela.frias","ec54.E"
"Gilmara de Godoy Gomes","gilmara.gomes@bol.com.br","gilmara.gomes","ll24.A"
"Leila de Meireles","leila.meireles@outlook.com","leila.meireles","il44.L"
"Alessandra Banhos Gomes de Azevedo","alessandra.azevedo@bol.com.br","alessandra.azevedo","ee45.E"
"Lígia Quésia Tametsu","lígia.tametsu@hotmail.com","lígia.tametsu","ii54.A"
"Manuel Paulo da Paixão de Leão","manuel.leão@outlook.com","manuel.leão","ne43.A"
"Celeste Ísis da Silva de Pereira","celeste.pereira@bol.com.br","celeste.pereira","es44.E"
"Neila Evelyn de Sales do Piauí","neila.piauí@bol.com.br","neila.piauí","li44.I"
"Charlene Oemimriman de Peixoto","charlene.peixoto@gmail.com","charlene.peixoto","rr55.R"
"Toninho dos Santos Moaner","toninho.moaner@outlook.com","toninho.moaner","ii43.N"
"Beto Teles Júnior","beto.júnior@bol.com.br","beto.júnior","tj31.."
"Eliel de Alves Dias","eliel.dias@hotmail.com","eliel.dias","il45.I"
"Eduardo Duque de Pereira","eduardo.pereira@outlook.com","eduardo.pereira","ur32.R"
"Juliano Ximenes","juliano.ximenes@hotmail.com","juliano.ximenes","in44.L"
"Leni Ozdo Coutinho Hobu","leni.hobu@bol.com.br","leni.hobu","hn55.N"
"Sérgio Moacyr Reim","sérgio.reim@bol.com.br","sérgio.reim","or44.O"
"Rafaela Samila Biynfugarn Yudopu","rafaela.yudopu@bol.com.br","rafaela.yudopu","el32.E"
"Elaine Evolsam","elaine.evolsam@outlook.com","elaine.evolsam","la54.N"
"Micael Armando Valverde Neto","micael.neto@bol.com.br","micael.neto","ee45.A"
"Melissa Juliana de Godoy dos Santos","melissa.santos@bol.com.br","melissa.santos","si53.I"
"Fábio Nunes Gogefu","fábio.gogefu@msn.com","fábio.gogefu","ái34.I"
"Flaviana Shoeos da Encarnação","flaviana.encarnação@outlook.com","flaviana.encarnação","ia32.I"
"Cássia Rassi","cássia.rassi@gmail.com","cássia.rassi","is54.S"
"Olga de Souza","olga.souza@outlook.com","olga.souza","a.32.A"
"Benedito Fameon Júnior","benedito.júnior@outlook.com","benedito.júnior","ee24.D"
"Neila Amainov de Andrade Umoblani","neila.umoblani@outlook.com","neila.umoblani","la34.A"
"Quésia Arlete Gulobornã de Pereira","quésia.pereira@bol.com.br","quésia.pereira","ss34.É"
"Lígia de Freitas Terceiro","lígia.terceiro@bol.com.br","lígia.terceiro","íg44.A"
"Gabriel Branco de Rezende Eieman Neto","gabriel.neto@hotmail.com","gabriel.neto","rr56.R"
"Henrique Miguel de Barbosa","henrique.barbosa@outlook.com","henrique.barbosa","ir42.N"
"Fátima Suzanne Vlarnomman dos Santos","fátima.santos@outlook.com","fátima.santos","tt34.M"
"Jairo de Barros","jairo.barros@hotmail.com","jairo.barros","ir45.R"
"Jeniffer Prates Eciz da Gama","jeniffer.gama@outlook.com","jeniffer.gama","in55.I"
"Osório Humberto Daioer","osório.daioer@gmail.com","osório.daioer",".r74.S"
"Caio Castelo de Oliveira","caio.oliveira@hotmail.com","caio.oliveira","ii56.O"
"Xilena Alessandra de Torquato Trevisan","xilena.trevisan@hotmail.com","xilena.trevisan","el33.L"
"Thaíssa Cafalão","thaíssa.cafalão@hotmail.com","thaíssa.cafalão","aa55.S"
"Nivaldo Wato","nivaldo.wato@hotmail.com","nivaldo.wato","ia44.I"
"Laura de Simões","laura.simões@outlook.com","laura.simões","ru43.S"
"Saulo Tomáz Lopes de Morais do Nascimento Neto","saulo.neto@bol.com.br","saulo.neto","ul34.."
"Diego José de Cardozo","diego.cardozo@hotmail.com","diego.cardozo","go36.G"
"Fagner Giuseppe Rossi dos Santos","fagner.santos@hotmail.com","fagner.santos","gn45.G"
"Beto Roberto Portugal Neto","beto.neto@hotmail.com","beto.neto","on54.O"
"Arthur de Ramos Rossi","arthur.rossi@outlook.com","arthur.rossi","hu45.U"
"Fátima Terezinha Marinho","fátima.marinho@outlook.com","fátima.marinho","im45.I"
"Eliel Ali Eomi Lazi","eliel.lazi@outlook.com","eliel.lazi","ee35.I"
"Nelson Damemão","nelson.damemão@outlook.com","nelson.damemão","ol35.S"
"Gilson Severino Eveprorndrern Terceiro","gilson.terceiro@gmail.com","gilson.terceiro","in23.I"
"Willian Táles Vaz de Antunes","willian.antunes@outlook.com","willian.antunes","ll43.L"
"Graziele Chiyaho","graziele.chiyaho@bol.com.br","graziele.chiyaho","za23.R"
"Isac de Pereira dos Santos Luimuer","isac.luimuer@bol.com.br","isac.luimuer",".l33.A"
"Alisson Wesley de Teixeira Inal","alisson.inal@hotmail.com","alisson.inal","ss45.S"
"Cláudia Fernanda Ovozon","cláudia.ovozon@gmail.com","cláudia.ovozon","uá43.Á"
"Karl Bernardo da Silva","karl.silva@msn.com","karl.silva","r.34.."
"Luiza de Castro Aernão","luiza.aernão@outlook.com","luiza.aernão","za44.U"
"Rodrigo Espada","rodrigo.espada@outlook.com","rodrigo.espada","dd46.R"
"Wellington Ribeiro","wellington.ribeiro@outlook.com","wellington.ribeiro","li44.L"
"Terezinha Teles","terezinha.teles@gmail.com","terezinha.teles","ee54.R"
"Flávia Cícera Kuosshal","flávia.kuosshal@hotmail.com","flávia.kuosshal","iá53.I"
"Hellen Esesov Anu","hellen.anu@gmail.com","hellen.anu","ee45.E"
"Kevin Paulo Schmidt","kevin.schmidt@hotmail.com","kevin.schmidt","ii54.N"
"Mike Auov de Magalhães Momo","mike.momo@outlook.com","mike.momo","e.45.K"
"Thaíssa Pimenta","thaíssa.pimenta@hotmail.com","thaíssa.pimenta","sí43.S"
"Sílvio Polisge","sílvio.polisge@bol.com.br","sílvio.polisge",".o53.V"
"Daniel Jair Lopes Jangada Júnior","daniel.júnior@outlook.com","daniel.júnior","ia44.I"
"Terezinha Ashem","terezinha.ashem@hotmail.com","terezinha.ashem","rz65.Z"
"Armando Zamgadrurn de Souza","armando.souza@outlook.com","armando.souza","aa55.M"
"Raquel de Azevedo da Silva Uzofezão","raquel.uzofezão@bol.com.br","raquel.uzofezão","eq36.U"
"Quésia Omiler","quésia.omiler@bol.com.br","quésia.omiler","si43.S"
"Sara Luciana Zerepe de Carvalho","sara.carvalho@outlook.com","sara.carvalho","aa43.A"
"Monique Evelyn Onnagern","monique.onnagern@outlook.com","monique.onnagern","nq43.I"
"Keyla Guiomar da Luz Miteioan","keyla.miteioan@outlook.com","keyla.miteioan","ll44.L"
"Joyce Vioson","joyce.vioson@bol.com.br","joyce.vioson","e.24.E"
"Sebastião Guilherme Rodrigues","sebastião.rodrigues@bol.com.br","sebastião.rodrigues","bs45.S"
"Shirley Duque de Guimarães","shirley.guimarães@bol.com.br","shirley.guimarães","ll23.L"
"Israel Diego dos Reis Moreno do Espírito Santo","israel.santo@outlook.com","israel.santo","rr54.A"
"Martin Ilçason Júnior","martin.júnior@outlook.com","martin.júnior","ta24.T"
"Jânio de Barros da Silva","jânio.silva@outlook.com","jânio.silva","nâ55.I"
"Lidiane Pires Mumitahi Coutinho","lidiane.coutinho@hotmail.com","lidiane.coutinho","aa35.D"
"José Carlos Nhakepu dos Santos","josé.santos@gmail.com","josé.santos","éé45.."
"Mel Maria Gomes de Souza","mel.souza@bol.com.br","mel.souza","ll35.."
"Fred Xavier Umevic Kenebi","fred.kenebi@gmail.com","fred.kenebi","d.35.E"
"Taís Margarida de Madureira","taís.madureira@outlook.com","taís.madureira",".s35.."
"Joaquim de Menezes Roshisuwo Júnior","joaquim.júnior@outlook.com","joaquim.júnior","aq73.Q"
"Fabiana Clotilde Fragoso de Cerqueira","fabiana.cerqueira@bol.com.br","fabiana.cerqueira","ab63.B"
"Reinaldo da Paz Marinho Sota","reinaldo.sota@outlook.com","reinaldo.sota","na74.A"
"Maíra Azmau","maíra.azmau@hotmail.com","maíra.azmau","ír24.A"
"Otávio Nelson Opeme","otávio.opeme@bol.com.br","otávio.opeme","vv44.V"
"Mel Eduarda Blufarnkem de Oliveira","mel.oliveira@msn.com","mel.oliveira","e.45.."
"Cássia Soraya de Parreira Prates","cássia.prates@bol.com.br","cássia.prates","si53.S"
"Luís Rogério da Silva de Linhares do Espírito Santo","luís.santo@gmail.com","luís.santo","íí45.S"
"Humberto Martinez Vave Uzphauci","humberto.uzphauci@bol.com.br","humberto.uzphauci","me53.B"
"Marcielle Cássia Fizme","marcielle.fizme@outlook.com","marcielle.fizme","ri45.C"
"Ângela Yuodo de Tavares","ângela.tavares@bol.com.br","ângela.tavares","el33.G"
"Eric de Queiroz Marques","eric.marques@bol.com.br","eric.marques","cc45.I"
"Carla Iposo","carla.iposo@outlook.com","carla.iposo","ar43.L"
"Ângelo Mercado de Cardoso","ângelo.cardoso@outlook.com","ângelo.cardoso","ge54.O"
"Jandira Verrasa","jandira.verrasa@bol.com.br","jandira.verrasa","an55.D"
"Luiz de Pereira da Silva","luiz.silva@bol.com.br","luiz.silva","ss34.I"
"Aline Oespo","aline.oespo@bol.com.br","aline.oespo","in43.N"
"Manuela de Barbosa da Silva do Amaral","manuela.amaral@msn.com","manuela.amaral","nu44.N"
"Vinícius Breno Mojernai de Fraga","vinícius.fraga@bol.com.br","vinícius.fraga","íí44.N"
"Benjamin Geraldo de Ferreira Barroso","benjamin.barroso@outlook.com","benjamin.barroso","jj34.N"
"Mara Eva Martinez Brasil","mara.brasil@gmail.com","mara.brasil",".b44.B"
"Yuri Tiel Osso","yuri.osso@yahoo.com","yuri.osso","ii53.I"
"Aline Bahia","aline.bahia@outlook.com","aline.bahia","ii44.."
"Rivaldo Nore Eraov","rivaldo.eraov@msn.com","rivaldo.eraov","rl34.V"
"Beatriz Klein Negrão","beatriz.negrão@outlook.com","beatriz.negrão","rr43.I"
"Caroline Osha do Vale","caroline.vale@msn.com","caroline.vale","oo44.O"
"Sandro Erronvloão","sandro.erronvloão@outlook.com","sandro.erronvloão","nr54.R"
"João da Graça do Piauí Terceiro","joão.terceiro@bol.com.br","joão.terceiro","ã.45.O"
"Jean Marciano Abryoyz","jean.abryoyz@outlook.com","jean.abryoyz","aa55.A"
"Celso Joel Sanches Franco","celso.franco@outlook.com","celso.franco","sl52.S"
"Emanoel José de Oliveira Gomes da Lira","emanoel.lira@outlook.com","emanoel.lira","oa24.E"
"Paulo Grysaner","paulo.grysaner@bol.com.br","paulo.grysaner","uu35.U"
"Alisson Francisco de Cabral Júnior","alisson.júnior@outlook.com","alisson.júnior","ii33.S"
"Batista Caio Lommirnoã Marques Júnior","batista.júnior@gmail.com","batista.júnior","ii35.B"
"Regina Rizukoga Shigura Lakoez","regina.lakoez@outlook.com","regina.lakoez","ni44.G"
"Isaiane Yolanda Irngiman","isaiane.irngiman@bol.com.br","isaiane.irngiman","ai24.I"
"Quitéria Amanda da Silva Ufras","quitéria.ufras@bol.com.br","quitéria.ufras","ti53.I"
"Amália de Souza","amália.souza@bol.com.br","amália.souza","áa44.L"
"Orlando Moisés Emasoã Câmara","orlando.câmara@gmail.com","orlando.câmara","an55.L"
"Elizabete Sônia de Padilha","elizabete.padilha@outlook.com","elizabete.padilha","zz54.A"
"Rosilda de Pimentel Milani","rosilda.milani@bol.com.br","rosilda.milani","si52.I"
"Elói Geraldo Loze","elói.loze@bol.com.br","elói.loze",".i53.I"
"Silvair Muinão","silvair.muinão@outlook.com","silvair.muinão","vv34.L"
"Oliver Marco Krawom","oliver.krawom@outlook.com","oliver.krawom","ve34.V"
"Reginaldo Bosaon Ozplai","reginaldo.ozplai@bol.com.br","reginaldo.ozplai","in44.G"
"André Fabiano Brasil","andré.brasil@gmail.com","andré.brasil","rd45.R"
"Edu de Espanha","edu.espanha@outlook.com","edu.espanha","du35.."
"Nicole Nayara da Nóbrega Martinez","nicole.martinez@outlook.com","nicole.martinez","eo24.C"
"Eunice Pires","eunice.pires@gmail.com","eunice.pires","ii44.E"
"Zara Mendes","zara.mendes@outlook.com","zara.mendes","mr45.."
"Chico Eckel d'Ávila","chico.d'ávila@msn.com","chico.d'ávila","io34.C"
"Evelyn Zilda Oeprymvic da Silva","evelyn.silva@outlook.com","evelyn.silva","vl22.L"
"Maria de Alves Onez Aeman","maria.aeman@outlook.com","maria.aeman","ia43.R"
"Estevão Álvaro de Borges Mode","estevão.mode@outlook.com","estevão.mode","vv54.E"
"Wesley Oséas de Iglesias","wesley.iglesias@outlook.com","wesley.iglesias","ye54.S"
"Joelma Mirela de Gusmão Grilrreiman","joelma.grilrreiman@bol.com.br","joelma.grilrreiman","me44.L"
"Gigi Nage","gigi.nage@bol.com.br","gigi.nage","ii43.G"
"Bete Ângela Mytle","bete.mytle@outlook.com","bete.mytle","tt55.E"
"Elói Eshivic de Matos Arndriã","elói.arndriã@hotmail.com","elói.arndriã","aa53.."
"Bruno Uise","bruno.uise@hotmail.com","bruno.uise","nn44.N"
"Severino Micael de Lins","severino.lins@hotmail.com","severino.lins","re34.V"
"Milton Plínio de Oliveira Cavalcante","milton.cavalcante@bol.com.br","milton.cavalcante","tt44.I"
"Cleberson da Silva","cleberson.silva@gmail.com","cleberson.silva","be56.E"
"Cléber de Alencar Onegei","cléber.onegei@gmail.com","cléber.onegei","éb25.É"
"Jackson Pablo Prates Mubu","jackson.mubu@hotmail.com","jackson.mubu","kk24.C"
"Dionísio Isaías Prates","dionísio.prates@outlook.com","dionísio.prates","íi43.Í"
"Margarete Igreja Tleu","margarete.tleu@hotmail.com","margarete.tleu","ra44.A"
"Gilmar Ovun de Trindade","gilmar.trindade@bol.com.br","gilmar.trindade","lr55.I"
"Hélio Maurício do Maranhão de Oliva Foluizorn","hélio.foluizorn@outlook.com","hélio.foluizorn","il55.L"
"Ingrid de Peixoto Loue","ingrid.loue@outlook.com","ingrid.loue","gn55.N"
"Luara Lívia da Silva Dias de Padilha","luara.padilha@bol.com.br","luara.padilha","ua54.R"
"Bruno Alisson de Mendonça da Silva","bruno.silva@outlook.com","bruno.silva","un46.N"
"Joaquim Guerra","joaquim.guerra@outlook.com","joaquim.guerra","jq35.O"
"Gigi Sara Zapunugi","gigi.zapunugi@outlook.com","gigi.zapunugi","ii42.G"
"Filipe de Alencar","filipe.alencar@bol.com.br","filipe.alencar","le45.I"
"Marielle Nayara de Souza Osibra","marielle.osibra@outlook.com","marielle.osibra","ie35.E"
"Roger Jânio de Barros Franco d'Ávila","roger.d'ávila@hotmail.com","roger.d'ávila","er44.E"
"Raquel Oplilvic de Paiva","raquel.paiva@bol.com.br","raquel.paiva","qe54.Q"
"Janaína Roberta Mourão","janaína.mourão@bol.com.br","janaína.mourão","an36.N"
"Bete de Figueiredo Ylicern","bete.ylicern@outlook.com","bete.ylicern","tt33.E"
"Joelma Rezedate","joelma.rezedate@outlook.com","joelma.rezedate","em45.E"
"Anne de Castro Logapade Wari","anne.wari@outlook.com","anne.wari","e.44.N"
"Adílson Raul Rize","adílson.rize@msn.com","adílson.rize","íl35.O"
"Célia Shyra Edomfeomman","célia.edomfeomman@outlook.com","célia.edomfeomman","ai45.L"
"Eleonora de Mello da Silva","eleonora.silva@outlook.com","eleonora.silva","oo26.E"
"Igor Albino de Fernandes","igor.fernandes@gmail.com","igor.fernandes","ir44.R"
"Dário Rossi de Jesus","dário.jesus@gmail.com","dário.jesus","ro53.I"
"Tina da Silva Oemman de Salvador","tina.salvador@outlook.com","tina.salvador","aa54.S"
"Lúcio Juliano Inneoarn","lúcio.inneoarn@outlook.com","lúcio.inneoarn","io44.I"
"Israel Micael Eiuirn de Arruda d'Ávila","israel.d'ávila@outlook.com","israel.d'ávila","aa45.R"
"Jenny de Almeida","jenny.almeida@bol.com.br","jenny.almeida","ny54.Y"
"Margarete Karin Vaz","margarete.vaz@outlook.com","margarete.vaz","aa44.A"
"Nádia Freire","nádia.freire@bol.com.br","nádia.freire","ii42.I"
"Tiago Wally de Fernandes Myovic","tiago.myovic@hotmail.com","tiago.myovic","og64.O"
"Marciane Brenda Klein da Encarnação de Fonseca","marciane.fonseca@hotmail.com","marciane.fonseca","ii44.I"
"Batista Toninho Nillu","batista.nillu@hotmail.com","batista.nillu","ii55.I"
"Amália Bárbara de Alves do Piauí","amália.piauí@bol.com.br","amália.piauí","li44.Á"
"Denis Akotio de Barbosa","denis.barbosa@outlook.com","denis.barbosa","ii33.I"
"Gustavo Bebizer Neto","gustavo.neto@bol.com.br","gustavo.neto","sa32.T"
"Diogo Gilberto de Figueira","diogo.figueira@outlook.com","diogo.figueira","gg44.O"
"Max Áureo Nitorogu","max.nitorogu@hotmail.com","max.nitorogu",".x34.."
"Ney Esai Bahia de Melo","ney.melo@outlook.com","ney.melo","ye32.."
"Nayara Patrícia de Sá Apyrn","nayara.apyrn@gmail.com","nayara.apyrn","ra34.A"
"Jackson de Pereira Cylbaman","jackson.cylbaman@hotmail.com","jackson.cylbaman","kc54.S"
"Jussara de Souza Estrada","jussara.estrada@hotmail.com","jussara.estrada","us44.S"
"Andressa Carla Alce","andressa.alce@bol.com.br","andressa.alce","dr53.R"
"Martinho Elromoan da Lira","martinho.lira@hotmail.com","martinho.lira","ti65.T"
"Cássia de Sobral","cássia.sobral@bol.com.br","cássia.sobral","is45.S"
"Manuel Benjamin de Madureira Emlom","manuel.emlom@msn.com","manuel.emlom","uu46.U"
"Zeca Helder de Gusmões Nunes","zeca.nunes@outlook.com","zeca.nunes",".a55.C"
"Albina Bernadete da Rocha","albina.rocha@outlook.com","albina.rocha","ii54.I"
"Cristiano Israel de Pereira","cristiano.pereira@gmail.com","cristiano.pereira","st43.S"
"Tina Marta de Barboza Hoen","tina.hoen@hotmail.com","tina.hoen","a.32.A"
"Breno Itiman Júnior","breno.júnior@outlook.com","breno.júnior","on55.E"
"Cléber Vinícius de Ramos Júnior","cléber.júnior@outlook.com","cléber.júnior","eé55.B"
"João José Ileaus da Silva Rosa","joão.rosa@hotmail.com","joão.rosa",".o52.Ã"
"Valdirene Danielle Tazgrimaos","valdirene.tazgrimaos@yahoo.com","valdirene.tazgrimaos","dl13.R"
"Jean Nifuvroilvic","jean.nifuvroilvic@outlook.com","jean.nifuvroilvic","an44.N"
"Nilton de Arruda Gomes","nilton.gomes@outlook.com","nilton.gomes","tt24.T"
"Valter Igor de França Imla","valter.imla@bol.com.br","valter.imla","te44.L"
"Laís dos Santos","laís.santos@outlook.com","laís.santos","sa64.S"
"Christie Carla de Figueiredo","christie.figueiredo@hotmail.com","christie.figueiredo","ir43.I"
"Humberto Patrick dos Santos Veli","humberto.veli@bol.com.br","humberto.veli","mm44.B"
"Jacinto Thiago Fomnuvic das Neves","jacinto.neves@msn.com","jacinto.neves","ci45.C"
"Aline Jangada","aline.jangada@outlook.com","aline.jangada","n.34.N"
"Kim Bashiga Jardim","kim.jardim@bol.com.br","kim.jardim",".m33.."
"Soraya Cazbe","soraya.cazbe@outlook.com","soraya.cazbe","ya63.Y"
"Madalena Úrsula Pimenta","madalena.pimenta@bol.com.br","madalena.pimenta","aa45.A"
"Núbia Olga da Silva de Alencar","núbia.alencar@hotmail.com","núbia.alencar","ai44.B"
"Raíssa Raiane de Souza da Silva","raíssa.silva@msn.com","raíssa.silva","ís55.Í"
"Samanta do Amaral","samanta.amaral@hotmail.com","samanta.amaral","at34.A"
"João Peu de Iglesias","joão.iglesias@hotmail.com","joão.iglesias","ãã47.O"
"Lucas de Paranhos da Silva","lucas.silva@outlook.com","lucas.silva","aa35.S"
"Cláudia Valquíria de Peres","cláudia.peres@outlook.com","cláudia.peres","uu35.L"
"Ali Washington Leshuskorn de Muniz Júnior","ali.júnior@msn.com","ali.júnior",".j63.I"
"Marlon Bahia","marlon.bahia@bol.com.br","marlon.bahia","ll54.R"
"Valéria Larissa Ebavo","valéria.ebavo@outlook.com","valéria.ebavo","ié55.É"
"Graziele Nunes Tassel","graziele.tassel@hotmail.com","graziele.tassel","ea35.R"
"Jaziel Raí de Ferraz Portugal","jaziel.portugal@hotmail.com","jaziel.portugal","ei55.Z"
"Neila Paula Castelo","neila.castelo@outlook.com","neila.castelo","ia53.I"
"Elói Nilo de Souza da Luz Zoretsu","elói.zoretsu@yahoo.com","elói.zoretsu","ói46.."
"Júlia Mirela Rosatto","júlia.rosatto@gmail.com","júlia.rosatto","il33.L"
"Leandro dos Santos de Camargo Neto","leandro.neto@bol.com.br","leandro.neto","nl35.N"
"Giovanni Borba Poiov","giovanni.poiov@hotmail.com","giovanni.poiov","ao54.A"
"Jardel Gustavo dos Reis","jardel.reis@msn.com","jardel.reis","dd45.R"
"Lino de Farias da Paz","lino.paz@hotmail.com","lino.paz","ao43.."
"Alberto Ciro Urevic","alberto.urevic@outlook.com","alberto.urevic","er53.R"
"Joyce Sara da Costa Botoumu","joyce.botoumu@hotmail.com","joyce.botoumu","yc52.C"
"Lisa Ialvaman Fagoa","lisa.fagoa@bol.com.br","lisa.fagoa","ai45.S"
"Francisco Antônio Rufly","francisco.rufly@bol.com.br","francisco.rufly","an44.N"
"Juliano Gomes","juliano.gomes@msn.com","juliano.gomes","in43.U"
"Jéssica Natália Rohan","jéssica.rohan@bol.com.br","jéssica.rohan","ss54.S"
"Marco Olvaer Gomes de Queiroz","marco.queiroz@msn.com","marco.queiroz","ac43.R"
"Suely Rodrigues de Duarte","suely.duarte@bol.com.br","suely.duarte","ey55.Y"
"Gilmar Pablo Tsuso","gilmar.tsuso@outlook.com","gilmar.tsuso","ma45.L"
"Nádia Vegeman de Cardoso","nádia.cardoso@outlook.com","nádia.cardoso","da64.I"
"Mel Sorne","mel.sorne@hotmail.com","mel.sorne","s.44.S"
"Leonardo Edson dos Santos de Barbosa Celous","leonardo.celous@outlook.com","leonardo.celous","on52.A"
"Albino Nicolau de Moreira Noltidirn","albino.noltidirn@bol.com.br","albino.noltidirn","bb46.B"
"José Domingos Torres Milani de Vasconcelos","josé.vasconcelos@bol.com.br","josé.vasconcelos","sé54.."
"André Alberto Leou","andré.leou@outlook.com","andré.leou","én53.R"
"Diego Amarildo de Álvares Fremidorn Júnior","diego.júnior@hotmail.com","diego.júnior",".g53.G"
"Osório Samuel Lajateman do Amaral de Siqueira Neto","osório.neto@hotmail.com","osório.neto","rr52.I"
"Melissa Asoman","melissa.asoman@hotmail.com","melissa.asoman","si56.L"
"Francisco Charles Osha Irnla Marques","francisco.marques@outlook.com","francisco.marques","ni35.N"
"Josiane Ajine","josiane.ajine@hotmail.com","josiane.ajine","ii45.S"
"Ederson Sefu","ederson.sefu@bol.com.br","ederson.sefu","ds54.E"
"Maria Eliane Reki","maria.reki@hotmail.com","maria.reki","ir35.A"
"Lara Paulínia Freire Wogro Pepebu","lara.pepebu@msn.com","lara.pepebu",".a34.A"
"Luzia do Piauí Vaotoe","luzia.vaotoe@outlook.com","luzia.vaotoe","a.66.."
"Roseli Verônica da Silva Mercado","roseli.mercado@hotmail.com","roseli.mercado","le42.S"
"Dara Nunes","dara.nunes@outlook.com","dara.nunes","rr55.A"
"Luzia de Gimenes","luzia.gimenes@outlook.com","luzia.gimenes","ia53.U"
"Eric Henrique de Pascoal Shusce","eric.shusce@outlook.com","eric.shusce","ic46.."
"Rosimeire Mikaella de Lins Jegoe","rosimeire.jegoe@outlook.com","rosimeire.jegoe","mm43.S"
"Nicolau Kim Rosa do Prado da Silva","nicolau.silva@hotmail.com","nicolau.silva","cc25.C"
"Iago d'Ávila","iago.d'ávila@hotmail.com","iago.d'ávila",".d44.."
"Max Jonathas de Pinheiro Terceiro","max.terceiro@outlook.com","max.terceiro",".x34.."
"Táles Klein","táles.klein@msn.com","táles.klein","ee55.S"
"Abílio Jair da Silva Neto","abílio.neto@bol.com.br","abílio.neto","li44.L"
"Cristina de Pimentel da Silva","cristina.silva@hotmail.com","cristina.silva","ii43.S"
"Bete do Amazonas","bete.amazonas@bol.com.br","bete.amazonas",".t42.."
"Xavier de Alcântara Milani","xavier.milani@outlook.com","xavier.milani","ir46.I"
"Chico Edivaldo Weber Elgigoluman","chico.elgigoluman@outlook.com","chico.elgigoluman","co53.O"
"José Pidouman da Rocha","josé.rocha@outlook.com","josé.rocha",".é44.."
"Yuri Rodrigo de Lemes da Cruz","yuri.cruz@yahoo.com","yuri.cruz",".i35.I"
"Roberto de Carvalho Usoduvic Votrasã","roberto.votrasã@hotmail.com","roberto.votrasã","ro35.B"
"Olívia Bella de Bezerra Franco","olívia.franco@outlook.com","olívia.franco",".í42.A"
"Janete Guzeru","janete.guzeru@gmail.com","janete.guzeru","tn43.A"
"Wellington da Silva Tristão","wellington.tristão@bol.com.br","wellington.tristão","ll54.L"
"Félix Edinaldo da Silva","félix.silva@bol.com.br","félix.silva","ix35.L"
"Edinaldo de Leão Júnior","edinaldo.júnior@bol.com.br","edinaldo.júnior","aa44.D"
"Vera Quésia da Cunha de Siqueira","vera.siqueira@gmail.com","vera.siqueira","aa45.R"
"Alexandre Altair Otean","alexandre.otean@outlook.com","alexandre.otean","ae26.A"
"Álvaro Tiago Oshodum Gueuz","álvaro.gueuz@msn.com","álvaro.gueuz","rr45.R"
"Emílio Aldo de Pereira","emílio.pereira@outlook.com","emílio.pereira","mí35.M"
"Anakin Everton do Rio","anakin.rio@outlook.com","anakin.rio","ka42.I"
"Ana de Souza","ana.souza@outlook.com","ana.souza","..53.N"
"Madalena Quésia de Magalhães","madalena.magalhães@outlook.com","madalena.magalhães","dd44.D"
"Olívia de Padilha","olívia.padilha@bol.com.br","olívia.padilha","vi35.I"
"Jonas Cristiano de Meireles Ielio Otolge","jonas.otolge@bol.com.br","jonas.otolge",".a43.A"
"Bóris Tachisa de Alvarenga","bóris.alvarenga@outlook.com","bóris.alvarenga","rs35.R"
"Zilda Jéssica Mercado","zilda.mercado@outlook.com","zilda.mercado","la44.D"
"Quico Antônio Frias de Souza","quico.souza@msn.com","quico.souza","oo45.U"
"Lana Alessandra de Santana da Graça Freire","lana.freire@outlook.com","lana.freire",".a44.A"
"Zilda Madalena Saea","zilda.saea@outlook.com","zilda.saea","la45.D"
"Manoel Gomes de Souza Rosa Júnior","manoel.júnior@hotmail.com","manoel.júnior","ne45.N"
"Laís Dias","laís.dias@outlook.com","laís.dias","ss65.."
"Jussara Imgraiman","jussara.imgraiman@outlook.com","jussara.imgraiman","sa53.A"
"Paula Visusrilan Yskilos","paula.yskilos@outlook.com","paula.yskilos","al65.U"
"Gabriel de Oliveira Neto","gabriel.neto@hotmail.com","gabriel.neto","ir41.R"
"Rita Marques","rita.marques@hotmail.com","rita.marques","a.44.M"
"Cláudia Prolijivic Mourão","cláudia.mourão@hotmail.com","cláudia.mourão","uá34.Á"
"Geraldo Júlio d'Ávila dos Pinhais","geraldo.pinhais@outlook.com","geraldo.pinhais","el53.A"
"Rodrigo Geraldo Klein de Moura","rodrigo.moura@bol.com.br","rodrigo.moura","rr54.D"
"Celso Roberval Toirn Crysko","celso.crysko@bol.com.br","celso.crysko","lo33.O"
"Eloá Pires","eloá.pires@outlook.com","eloá.pires","áá35.O"
"Paulo Gilson da Rocha","paulo.rocha@gmail.com","paulo.rocha","lo45.U"
"Mariano Ebul do Nascimento Gutierrez","mariano.gutierrez@hotmail.com","mariano.gutierrez","ai53.I"
"Altair de Andrade Orna","altair.orna@outlook.com","altair.orna","ia33.A"
"Cláudia Helena Powa Hoalvueman","cláudia.hoalvueman@outlook.com","cláudia.hoalvueman","ld55.I"
"Mikaella Seixas de Alcântara Lessamson","mikaella.lessamson@hotmail.com","mikaella.lessamson","ee45.K"
"Lígia de Arruda Lafe Puka","lígia.puka@msn.com","lígia.puka","a.64.A"
"Jenny da Silva","jenny.silva@outlook.com","jenny.silva","ne44.N"
"Everton Jacinto Sanches","everton.sanches@hotmail.com","everton.sanches","ee55.R"
"Verônica Camila Rile Drymco","verônica.drymco@outlook.com","verônica.drymco","iô53.N"
"Fabrício Leopoldo Rangel Mupe de Mello","fabrício.mello@hotmail.com","fabrício.mello","ír54.A"
"Luigi Lúcio de Lemes Euman","luigi.euman@outlook.com","luigi.euman","gi22.G"
"Leonara Sônia Uzaman Ema","leonara.ema@outlook.com","leonara.ema","na45.N"
"Itamara Ifaojelão Iscu","itamara.iscu@outlook.com","itamara.iscu","aa33.A"
"Tina Alana Avonirnman","tina.avonirnman@gmail.com","tina.avonirnman","it44.A"
"Bete Nini de Peixoto","bete.peixoto@outlook.com","bete.peixoto","..54.E"
"Luís da Silva","luís.silva@outlook.com","luís.silva","su35.S"
"Andréia Mel do Rio","andréia.rio@hotmail.com","andréia.rio","dé43.R"
"Roseli Prarnbe Ribeiro","roseli.ribeiro@bol.com.br","roseli.ribeiro","ee44.L"
"Jason Marinho","jason.marinho@bol.com.br","jason.marinho","nn65.O"
"Jonas Nivaldo de Albuquerque","jonas.albuquerque@msn.com","jonas.albuquerque","sa56.A"
"Toninho Dieson de Torquato","toninho.torquato@outlook.com","toninho.torquato","ni35.I"
"Charlene Ivanete Martinez de Ayres Niavic","charlene.niavic@outlook.com","charlene.niavic","re24.R"
"Joel Joaquim de Meireles","joel.meireles@outlook.com","joel.meireles","ll62.."
"Ariana Mosepo","ariana.mosepo@outlook.com","ariana.mosepo","in45.A"
"Camila Anne da Silva","camila.silva@gmail.com","camila.silva","mm34.I"
"Gabriela Thaís Valverde de Gimenes","gabriela.gimenes@gmail.com","gabriela.gimenes","ir53.I"
"José Mercado","josé.mercado@outlook.com","josé.mercado","..43.S"
"Nayara da Silva","nayara.silva@hotmail.com","nayara.silva","ar42.R"
"Heron de Monteiro","heron.monteiro@outlook.com","heron.monteiro","ne65.R"
"Kiara Gilmara dos Santos Yabi","kiara.yabi@gmail.com","kiara.yabi","ar43.A"
"Gisele Envaesaz","gisele.envaesaz@hotmail.com","gisele.envaesaz",".l53.E"
"Jean Helder dos Santos","jean.santos@hotmail.com","jean.santos","an46.N"
"Humberto de Matos Portugal","humberto.portugal@bol.com.br","humberto.portugal","bm43.M"
"Lucas da Costa","lucas.costa@hotmail.com","lucas.costa","ac35.S"
"Milene Telma da Silva","milene.silva@hotmail.com","milene.silva","ne43.E"
"Fagner Simão Oeuã","fagner.oeuã@outlook.com","fagner.oeuã","eg53.N"
"Marielle de Fraga Pimenta","marielle.pimenta@outlook.com","marielle.pimenta","ri54.A"
"Solange Eloá Fiwiu de Barbosa","solange.barbosa@outlook.com","solange.barbosa","gl33.L"
"Bella Hellen Onpe","bella.onpe@msn.com","bella.onpe","ll45.L"
"Rita Rireã Citiso","rita.citiso@hotmail.com","rita.citiso","t.34.A"
"Jenny Ângela Emneson da Silva","jenny.silva@outlook.com","jenny.silva","ny45.N"
"Janaína de Salvador Piwa","janaína.piwa@hotmail.com","janaína.piwa","ní35.N"
"Ariana Guedes Famfasison","ariana.famfasison@msn.com","ariana.famfasison","an45.I"
"Elói da Silva","elói.silva@hotmail.com","elói.silva","ói43.L"
"Roberval Mendes Egeu","roberval.egeu@outlook.com","roberval.egeu","ev65.O"
"Batista de Leão Schmidt","batista.schmidt@bol.com.br","batista.schmidt","st45.T"
"Washington Pimenta Pires","washington.pires@hotmail.com","washington.pires","hs55.I"
"Mariano Gilmar de Pereira dos Santos Imode","mariano.imode@msn.com","mariano.imode","ai34.A"
"Armando de Barbosa","armando.barbosa@bol.com.br","armando.barbosa","nn54.R"
"Gilmara Eviaem","gilmara.eviaem@hotmail.com","gilmara.eviaem","la45.L"
"Marielle Josiane de Monteiro Freire","marielle.freire@outlook.com","marielle.freire","ir34.L"
"Ana de Ayres Yoda Gomes","ana.gomes@outlook.com","ana.gomes","..64.G"
"Caio Fernando de Jesus","caio.jesus@outlook.com","caio.jesus","i.34.."
"Dara Lina Gomes de Salvador","dara.salvador@outlook.com","dara.salvador",".a26.R"
"Micael Juan Quei","micael.quei@bol.com.br","micael.quei","ei46.A"
"Luigi de Ramos da Silva","luigi.silva@hotmail.com","luigi.silva","gi34.G"
"Melanie de Antunes Croinson","melanie.croinson@hotmail.com","melanie.croinson","nl45.."
"Paula Jaqueline da Silva","paula.silva@outlook.com","paula.silva",".a44.A"
