email;login;nome;senha
eliomar.gomes@outlook.com;eliomar.gomes;Eliomar Gomes;EGomes159
zenaide.camara@gmail.com;zenaide.camara;Zenaide de Duarte Câmara;ZCamara531
mikaella.sanches@outlook.com;mikaella.sanches;Mikaella Eliomar Buarque Sanches;MSanches104
dara.branco@gmail.com;dara.branco;Dara Shirley Kizneman Branco;DBranco984
cristiano.neto@uol.com;cristiano.neto;Cristiano Habunuzo Neto;CNeto920
valter.nute@gmail.com;valter.nute;Valter Tomáz de Souza Nute;VNute842
jonathan.martins@hotmail.com;jonathan.martins;Jonathan Edson Gauson de Martins;JMartins300
avelino.albuquerque@outlook.com;avelino.albuquerque;Avelino de Albuquerque;AAlbuquerque736
baltazar.angola@hotmail.com;baltazar.angola;Baltazar de Angola;BAngola786
mara.droyilman@gmail.com;mara.droyilman;Mara Pinhão Droyilman;MDroyilman469
ligia.cruila@uol.com;ligia.cruila;Lígia Cruilã;LCruila939
monique.terceiro@hotmail.com;monique.terceiro;Monique Marli Seixas Terceiro;MTerceiro152
pedro.gama@hotmail.com;pedro.gama;Pedro Zetsuno da Gama;PGama477
abilio.santos@outlook.com;abilio.santos;Abílio Hélio da Silva de Medeiros dos Santos;ASantos367
ivan.terntonson@uol.com;ivan.terntonson;Ivan Negrão Terntonson;ITerntonson289
itamar.imizbezi@gmail.com;itamar.imizbezi;Itamar de Abreu Imizbezi;IImizbezi901
kaue.iecoman@outlook.com;kaue.iecoman;Kauê Michel Marinho de Alvim Iecoman;KIecoman448
adonis.braga@uol.com;adonis.braga;Adônis de Braga;ABraga473
humberto.mendonca@outlook.com;humberto.mendonca;Humberto Amarildo da Silva de Mendonça;HMendonca696
lidiane.trindade@uol.com;lidiane.trindade;Lidiane Ivete Negrão de Trindade;LTrindade614
luzia.eppa@uol.com;luzia.eppa;Luzia Eppa;LEppa235
anakin.barbosa@uol.com;anakin.barbosa;Anakin Valter Castelo de Barbosa;ABarbosa304
joelma.monteiro@gmail.com;joelma.monteiro;Joelma da Luz de Monteiro;JMonteiro737
susan.souza@gmail.com;susan.souza;Susan de Souza;SSouza891
hilda.trevisan@uol.com;hilda.trevisan;Hilda Trevisan;HTrevisan339
domingos.gisacha@hotmail.com;domingos.gisacha;Domingos Gisacha;DGisacha327
clara.mata@outlook.com;clara.mata;Clara Pimenta da Mata;CMata567
melissa.maciel@hotmail.com;melissa.maciel;Melissa Maciel;MMaciel350
otaviano.lopes@uol.com;otaviano.lopes;Otaviano Xavier de Junqueira Chine Lopes;OLopes403
daniela.siqueira@gmail.com;daniela.siqueira;Daniela Ogrie de Siqueira;DSiqueira203
renato.ernti@hotmail.com;renato.ernti;Renato Jânio Ernti;RErnti785
julia.nascimento@gmail.com;julia.nascimento;Júlia do Nascimento;JNascimento805
sandra.munhoz@gmail.com;sandra.munhoz;Sandra Gigi Irnrydromco de Munhoz;SMunhoz631
eric.angola@gmail.com;eric.angola;Eric Isac da Silva de Angola;EAngola873
otaviano.barroso@outlook.com;otaviano.barroso;Otaviano Jacinto de Duarte Barroso;OBarroso216
beto.pobason@outlook.com;beto.pobason;Beto Nuhitsu de Cerqueira Pobason;BPobason372
tatiana.wazama@uol.com;tatiana.wazama;Tatiana Regina de Siqueira Dattom Wazama;TWazama832
fabiana.husseka@uol.com;fabiana.husseka;Fabiana Bernadete de Ayres Ozvra Husseka;FHusseka293
nelson.neto@hotmail.com;nelson.neto;Nelson Romildo de Jesus Zogu Neto;NNeto941
emilio.santos@gmail.com;emilio.santos;Emílio de Assis Jardim dos Santos;ESantos521
aurelio.ernilmavic@outlook.com;aurelio.ernilmavic;Aurélio Klamnneman Ernilmavic;AErnilmavic499
joelma.pimentel@outlook.com;joelma.pimentel;Joelma Mayra de Pimentel;JPimentel694
diana.alvares@uol.com;diana.alvares;Diana Igreja de Álvares;DAlvares125
nicolau.oern@outlook.com;nicolau.oern;Nicolau Oern;NOern194
xerxes.neto@hotmail.com;xerxes.neto;Xerxes Anderson do Prado Grogruman Neto;XNeto759
nicole.folgim@uol.com;nicole.folgim;Nicole Angélica Folgim;NFolgim164
otavio.peoan@gmail.com;otavio.peoan;Otávio de Pereira Peoan;OPeoan984
clara.dutra@gmail.com;clara.dutra;Clara Rosatto Dutra;CDutra557
geraldo.lira@outlook.com;geraldo.lira;Geraldo Luke Rely da Lira;GLira787
renata.pimentel@hotmail.com;renata.pimentel;Renata do Vale de Pimentel;RPimentel685
fabio.junior@hotmail.com;fabio.junior;Fábio da Silva Tabbirnman Júnior;FJunior189
ediane.mercado@outlook.com;ediane.mercado;Ediane de Barboza Mercado;EMercado474
joel.parana@outlook.com;joel.parana;Joel de Aguiar do Paraná;JParana153
wagner.junior@outlook.com;wagner.junior;Wagner Washington da Silva Júnior;WJunior457
beto.paranhos@gmail.com;beto.paranhos;Beto Ângelo de Paranhos;BParanhos691
quenia.guimaraes@hotmail.com;quenia.guimaraes;Quênia Olívia de Guimarães;QGuimaraes778
nivaldo.tozetto@gmail.com;nivaldo.tozetto;Nivaldo de Tozetto;NTozetto475
roseli.peres@uol.com;roseli.peres;Roseli Charlene Ylvi de Peres;RPeres663
jose.rodrigues@outlook.com;jose.rodrigues;José Valter de Viana Rodrigues;JRodrigues827
lilian.torime@outlook.com;lilian.torime;Lilian Zara Torime;LTorime961
caue.emni@hotmail.com;caue.emni;Cauê Lino Emni;CEmni212
sebastiao.hihoshini@hotmail.com;sebastiao.hihoshini;Sebastião de Ferreira dos Pinhais Hihoshini;SHihoshini961
filipe.okrison@gmail.com;filipe.okrison;Filipe Kim Apri Okrison;FOkrison410
rose.ayres@gmail.com;rose.ayres;Rose Margarete de Ayres;RAyres734
eduarda.assis@hotmail.com;eduarda.assis;Eduarda de Assis;EAssis402
manuela.uomson@outlook.com;manuela.uomson;Manuela Xilena Uomson;MUomson633
amarildo.ortiz@gmail.com;amarildo.ortiz;Amarildo Espada da Silva de Ortiz;AOrtiz749
isaiane.paraiba@gmail.com;isaiane.paraiba;Isaiane Luzia da Paraíba;IParaiba816
janaina.ximenes@outlook.com;janaina.ximenes;Janaína Mel de Padilha Ximenes;JXimenes730
cecilia.bichise@outlook.com;cecilia.bichise;Cecília Bichise;CBichise498
armando.osorio@outlook.com;armando.osorio;Armando de Osório;AOsorio583
xavier.silva@gmail.com;xavier.silva;Xavier Sandro da Silva;XSilva506
decio.neyo@outlook.com;decio.neyo;Décio Neyo;DNeyo823
murilo.taebbe@hotmail.com;murilo.taebbe;Murilo Geraldo Taebbe;MTaebbe449
margarete.paim@uol.com;margarete.paim;Margarete de Pereira Paim;MPaim247
anna.alumvic@outlook.com;anna.alumvic;Anna Cemofaman Alumvic;AAlumvic862
matheus.rigeimlal@outlook.com;matheus.rigeimlal;Matheus Rigeimlal;MRigeimlal265
uribe.souza@hotmail.com;uribe.souza;Uribe de Souza;USouza643
cristina.rudil@gmail.com;cristina.rudil;Cristina Tábata das Neves Rudil;CRudil478
sara.oisyze@uol.com;sara.oisyze;Sara Gomes Oisyze;SOisyze195
edinaldo.peoazman@gmail.com;edinaldo.peoazman;Edinaldo Hugo Irrenov de Leite Peoazman;EPeoazman232
hellen.schneider@hotmail.com;hellen.schneider;Hellen Gislaine Boaman Schneider;HSchneider408
cleberson.silva@hotmail.com;cleberson.silva;Cleberson de Pereira Gile da Silva;CSilva313
beatriz.silva@outlook.com;beatriz.silva;Beatriz Isabel da Silva;BSilva673
walter.nobrega@outlook.com;walter.nobrega;Walter Cavalcante da Nóbrega;WNobrega265
quiteria.silva@uol.com;quiteria.silva;Quitéria da Silva;QSilva972
eunice.cecernov@hotmail.com;eunice.cecernov;Eunice de Pereira Aean Cecernov;ECecernov122
romildo.silva@outlook.com;romildo.silva;Romildo Martinho da Silva;RSilva822
paulo.quasisaman@uol.com;paulo.quasisaman;Paulo de Souza Quasisaman;PQuasisaman752
jaqueline.arnudi@gmail.com;jaqueline.arnudi;Jaqueline Arnudi;JArnudi476
fred.oaer@outlook.com;fred.oaer;Fred Hércules da Silva Oaer;FOaer204
artur.reis@uol.com;artur.reis;Artur Nivaldo de Uchôa dos Reis;AReis496
heitor.junior@outlook.com;heitor.junior;Heitor Oséas Bahia Júnior;HJunior818
anderson.makihe@hotmail.com;anderson.makihe;Anderson Cirilo Makihe;AMakihe274
sandro.amazonas@uol.com;sandro.amazonas;Sandro Nilo do Amazonas;SAmazonas888
samara.freire@uol.com;samara.freire;Samara Genir Maean Freire;SFreire537
hercules.oniere@gmail.com;hercules.oniere;Hércules Otávio Torres Oniere;HOniere918
elaine.santos@outlook.com;elaine.santos;Elaine dos Santos;ESantos469
luara.paiva@hotmail.com;luara.paiva;Luara Valquíria de Paiva;LPaiva229
otavio.silva@uol.com;otavio.silva;Otávio de Barbosa da Silva;OSilva816
lena.mutsuchi@gmail.com;lena.mutsuchi;Lena de Fraga Mutsuchi;LMutsuchi788
jorge.junior@uol.com;jorge.junior;Jorge Inácio de Barbosa Iason Júnior;JJunior407
marciano.neto@gmail.com;marciano.neto;Marciano dos Santos Poenã Rinaso Neto;MNeto848
nicolau.paim@gmail.com;nicolau.paim;Nicolau Aloísio Paim;NPaim881
genir.lins@gmail.com;genir.lins;Genir de Lins;GLins381
ariana.cavalcante@uol.com;ariana.cavalcante;Ariana Nádia Cavalcante;ACavalcante774
marlon.junior@gmail.com;marlon.junior;Marlon de Silveira Igreja Júnior;MJunior707
quesia.jima@uol.com;quesia.jima;Quésia Celpião Jima;QJima745
lucia.paiva@uol.com;lucia.paiva;Lúcia Paula de Paiva;LPaiva459
maria.antonio@gmail.com;maria.antonio;Maria Rita Valverde Rodrigues de Santo Antônio;MAntonio955
jonathas.mesfo@hotmail.com;jonathas.mesfo;Jonathas de Tozetto Ievic Mesfo;JMesfo831
otavia.sanches@uol.com;otavia.sanches;Otávia Lidiane Sanches;OSanches703
sebastiao.gusmoes@gmail.com;sebastiao.gusmoes;Sebastião de Gusmões;SGusmoes556
francielle.horilman@uol.com;francielle.horilman;Francielle Rosana Horilman;FHorilman989
gabrielle.almeida@outlook.com;gabrielle.almeida;Gabrielle Luzimara de Almeida;GAlmeida847
patrick.matos@hotmail.com;patrick.matos;Patrick de Matos;PMatos737
itamara.barros@gmail.com;itamara.barros;Itamara Ivolgrie de Barros;IBarros801
jackson.vaz@gmail.com;jackson.vaz;Jackson Rodrigo Vaz;JVaz814
hilda.mercado@outlook.com;hilda.mercado;Hilda Vera dos Reis Mercado;HMercado849
marcelo.oliveira@hotmail.com;marcelo.oliveira;Marcelo Heron de Oliveira;MOliveira789
brenda.gomes@hotmail.com;brenda.gomes;Brenda Gomes;BGomes279
luke.borba@hotmail.com;luke.borba;Luke Borba;LBorba888
junior.sagu@uol.com;junior.sagu;Junior Negrão Sagu;JSagu291
evelyn.brasil@hotmail.com;evelyn.brasil;Evelyn Brasil;EBrasil664
tania.peres@hotmail.com;tania.peres;Tânia Madalena de Peres;TPeres667
vitoria.drara@uol.com;vitoria.drara;Vitória Gazo de Brito Drara;VDrara226
wilma.messol@hotmail.com;wilma.messol;Wilma Samara Messol;WMessol336
amelia.silva@uol.com;amelia.silva;Amélia dos Santos da Silva;ASilva825
rebeca.espada@uol.com;rebeca.espada;Rebeca Adrielle Garu Espada;REspada208
kevin.junior@hotmail.com;kevin.junior;Kevin Ozai Júnior;KJunior172
eleriane.fraga@hotmail.com;eleriane.fraga;Eleriane Érica de Fraga;EFraga394
jonathan.santos@uol.com;jonathan.santos;Jonathan Flávio de Chaves dos Santos;JSantos680
abigail.camargo@outlook.com;abigail.camargo;Abigail Cármen do Piauí de Camargo;ACamargo491
daiane.valverde@gmail.com;daiane.valverde;Daiane Vívian Valverde;DValverde687
natalia.rangel@outlook.com;natalia.rangel;Natália Rangel;NRangel309
yuri.godoy@uol.com;yuri.godoy;Yuri Marcelo de Godoy;YGodoy522
carla.sales@uol.com;carla.sales;Carla Clara de Sales;CSales997
camila.marinho@hotmail.com;camila.marinho;Camila Mônica de Bueno Marinho;CMarinho207
itamar.braganca@gmail.com;itamar.braganca;Itamar Laércio da Silva de Bragança;IBraganca232
yasmin.carvalho@gmail.com;yasmin.carvalho;Yasmin de Carvalho;YCarvalho584
simao.oliva@uol.com;simao.oliva;Simão de Oliva;SOliva818
rosimeire.penedo@outlook.com;rosimeire.penedo;Rosimeire de Carvalho da Silva Penedo;RPenedo970
juliano.cydruoavic@outlook.com;juliano.cydruoavic;Juliano Omar Cydruoavic;JCydruoavic600
ramon.gutierrez@hotmail.com;ramon.gutierrez;Ramon Manuel da Silva Gutierrez;RGutierrez478
mayara.serra@uol.com;mayara.serra;Mayara Thaís Wufauman da Serra;MSerra614
leonardo.reis@hotmail.com;leonardo.reis;Leonardo Hélio Neba Viliov dos Reis;LReis418
tatiana.mineiro@outlook.com;tatiana.mineiro;Tatiana Melissa de Castro Chauge Mineiro;TMineiro122
leo.valente@outlook.com;leo.valente;Leo Robson Valente;LValente770
genir.lima@gmail.com;genir.lima;Genir Margarete de Lima;GLima501
gabrielle.alvim@gmail.com;gabrielle.alvim;Gabrielle Eliomar de Alvim;GAlvim993
emilio.pimentel@hotmail.com;emilio.pimentel;Emílio Juliano de Pimentel;EPimentel124
samanta.arruda@hotmail.com;samanta.arruda;Samanta de Arruda;SArruda411
dilma.guerra@gmail.com;dilma.guerra;Dilma Guerra;DGuerra110
paula.oliveira@hotmail.com;paula.oliveira;Paula de Oliveira;POliveira477
jessica.yobehoza@uol.com;jessica.yobehoza;Jéssica de Assunção Couto Yobehoza;JYobehoza317
tina.tebizu@uol.com;tina.tebizu;Tina Weber Tebizu;TTebizu470
barnabe.neto@gmail.com;barnabe.neto;Barnabé Willian Iencezu Neto;BNeto965
gilson.pires@uol.com;gilson.pires;Gilson Fudohepi Pires;GPires271
dionisio.barbosa@outlook.com;dionisio.barbosa;Dionísio Gilmar Penedo do Piauí de Barbosa;DBarbosa928
suzanne.anflelman@hotmail.com;suzanne.anflelman;Suzanne Iguku Anflelman;SAnflelman766
teresa.cavalcante@uol.com;teresa.cavalcante;Teresa Telma Cavalcante;TCavalcante872
rodolfo.santo@outlook.com;rodolfo.santo;Rodolfo Plínio Mercado Martinez do Espírito Santo;RSanto280
eugenio.terceiro@hotmail.com;eugenio.terceiro;Eugênio da Silva Rosatto Terceiro;ETerceiro381
eleonora.cunha@gmail.com;eleonora.cunha;Eleonora Estrada de Barros da Cunha;ECunha598
eloa.dovlison@gmail.com;eloa.dovlison;Eloá Dovlison;EDovlison785
alexandre.borba@gmail.com;alexandre.borba;Alexandre Cirilo Maciel da Graça Borba;ABorba814
rose.rocha@gmail.com;rose.rocha;Rose da Rocha;RRocha921
rose.silva@uol.com;rose.silva;Rose Eurippoão da Silva;RSilva779
vanda.neves@outlook.com;vanda.neves;Vanda das Neves;VNeves518
luciano.marques@hotmail.com;luciano.marques;Luciano Plínio Marques;LMarques515
sonia.silva@gmail.com;sonia.silva;Sônia da Silva;SSilva179
maria.silva@gmail.com;maria.silva;Maria da Silva;MSilva941
arilda.munhoz@uol.com;arilda.munhoz;Arilda de Munhoz;AMunhoz954
jonathan.ioesa@uol.com;jonathan.ioesa;Jonathan de Tavares Asma Ioesa;JIoesa944
rosa.assuncao@hotmail.com;rosa.assuncao;Rosa de Assunção;RAssuncao908
oliver.ozsynnide@hotmail.com;oliver.ozsynnide;Oliver de Jesus Ozsynnide;OOzsynnide280
luara.rezva@outlook.com;luara.rezva;Luara Eliane de Assunção Rezva;LRezva703
maria.bezerra@hotmail.com;maria.bezerra;Maria de Bezerra;MBezerra172
alan.silva@gmail.com;alan.silva;Alan de Albuquerque Trevisan da Silva;ASilva463
maria.sampaio@outlook.com;maria.sampaio;Maria Vânia de Sampaio;MSampaio236
lili.miail@uol.com;lili.miail;Lili Clarice Miail;LMiail862
walter.silva@uol.com;walter.silva;Walter da Silva;WSilva219
rodrigo.sanches@uol.com;rodrigo.sanches;Rodrigo Muzofu Sanches;RSanches380
paula.vrunil@outlook.com;paula.vrunil;Paula Vrunil;PVrunil591
nelson.silva@outlook.com;nelson.silva;Nelson Eugênio Ceae da Silva;NSilva336
antonio.jesus@outlook.com;antonio.jesus;Antônio Dário da Cunha de Jesus;AJesus894
flaviana.varnma@gmail.com;flaviana.varnma;Flaviana do Maranhão Varnma;FVarnma207
mel.parana@outlook.com;mel.parana;Mel Viviane Rangel do Paraná;MParana424
guilherme.ploazu@uol.com;guilherme.ploazu;Guilherme Ploazu;GPloazu448
ana.bianson@outlook.com;ana.bianson;Ana Samanta da Silva Bianson;ABianson561
cibele.azevedo@uol.com;cibele.azevedo;Cibele Isaiane Gomes de Azevedo;CAzevedo614
giuseppe.piaui@gmail.com;giuseppe.piaui;Giuseppe Sandro dos Santos do Piauí;GPiaui446
wendy.hipramson@hotmail.com;wendy.hipramson;Wendy Docial Câmara Hipramson;WHipramson484
ayrton.marinho@outlook.com;ayrton.marinho;Ayrton João Marinho;AMarinho632
pedro.yudopu@hotmail.com;pedro.yudopu;Pedro Bóris Fume Yudopu;PYudopu704
ramon.barros@uol.com;ramon.barros;Ramon Renato Phueã de Barros;RBarros508
daiane.hei@uol.com;daiane.hei;Daiane Samanta de Miranda Hei;DHei508
gigi.gomes@gmail.com;gigi.gomes;Gigi de Novais Freire Gomes;GGomes444
marcielle.rezende@uol.com;marcielle.rezende;Marcielle Yeda da Silva Branco de Rezende;MRezende225
nathan.santos@hotmail.com;nathan.santos;Nathan Sérgio Kushi dos Santos;NSantos227
isaiane.banhos@gmail.com;isaiane.banhos;Isaiane Banhos;IBanhos289
alberto.paz@hotmail.com;alberto.paz;Alberto Osório da Paz;APaz100
elias.iscatibean@outlook.com;elias.iscatibean;Elias Iscatibean;EIscatibean257
marina.braga@hotmail.com;marina.braga;Marina Zilda Borba de Braga;MBraga327
diana.antunes@outlook.com;diana.antunes;Diana Faope dos Santos de Antunes;DAntunes149
ayrton.junior@outlook.com;ayrton.junior;Ayrton Demilson de Angola Rodrigues Júnior;AJunior444
wanda.sanches@hotmail.com;wanda.sanches;Wanda Sanches;WSanches954
demilson.ribeiro@uol.com;demilson.ribeiro;Demilson Ribeiro;DRibeiro627
bruno.uarocason@hotmail.com;bruno.uarocason;Bruno Estevão Uarocason;BUarocason158
raul.neto@outlook.com;raul.neto;Raul Preto Neto;RNeto981
marciane.preto@outlook.com;marciane.preto;Marciane Preto;MPreto230
hercules.amfi@hotmail.com;hercules.amfi;Hércules Frederico Amfi;HAmfi273
cecilia.miteioan@outlook.com;cecilia.miteioan;Cecília Francielle da Luz Miteioan;CMiteioan378
benedito.neves@hotmail.com;benedito.neves;Benedito das Neves;BNeves377
lidiane.coutinho@hotmail.com;lidiane.coutinho;Lidiane Pires Mumitahi Coutinho;LCoutinho124
ricardo.kylnuzson@outlook.com;ricardo.kylnuzson;Ricardo Osvaldo Frias Kylnuzson;RKylnuzson765
otavia.miage@hotmail.com;otavia.miage;Otávia Miage;OMiage840
gilmar.barbosa@outlook.com;gilmar.barbosa;Gilmar Valter de Barbosa;GBarbosa510
zara.fraga@hotmail.com;zara.fraga;Zara de Fraga;ZFraga906
isabel.torres@outlook.com;isabel.torres;Isabel Torres;ITorres571
violeta.quivluao@uol.com;violeta.quivluao;Violeta de Braga Quivluão;VQuivluao834
washington.neto@hotmail.com;washington.neto;Washington José Enbuau Mojernai Neto;WNeto888
armando.neto@uol.com;armando.neto;Armando Barnabé Osso de Alcântara Neto;ANeto580
xavier.pacheco@uol.com;xavier.pacheco;Xavier de Pacheco;XPacheco551
osorio.oloson@uol.com;osorio.oloson;Osório Luke Oloson;OOloson868
reinaldo.frornnayganer@gmail.com;reinaldo.frornnayganer;Reinaldo Cléber Frornnayganer;RFrornnayganer852
ivone.silva@uol.com;ivone.silva;Ivone da Silva;ISilva156
edson.frasoman@uol.com;edson.frasoman;Edson Hugo Frasoman;EFrasoman166
samara.couto@hotmail.com;samara.couto;Samara Maria Dornovic Couto;SCouto484
damares.lopes@uol.com;damares.lopes;Damares Vera Lopes;DLopes376
lana.iglesias@hotmail.com;lana.iglesias;Lana Maria de Iglesias;LIglesias487
eva.gonozowo@hotmail.com;eva.gonozowo;Eva de Duarte Omrridli Gonozowo;EGonozowo618
oseas.moreira@uol.com;oseas.moreira;Oséas dos Santos de Moreira;OMoreira164
rodolfo.mendes@uol.com;rodolfo.mendes;Rodolfo Flávio Sueã Mendes;RMendes310
kelly.arndria@hotmail.com;kelly.arndria;Kelly de Cerqueira Arndriã;KArndria194
eliel.junior@outlook.com;eliel.junior;Eliel Oulan de Braga Júnior;EJunior896
margarete.tleu@outlook.com;margarete.tleu;Margarete Igreja Tleu;MTleu685
emilio.junior@outlook.com;emilio.junior;Emílio de Vasconcelos da Silva Júnior;EJunior598
fabiana.silva@outlook.com;fabiana.silva;Fabiana Catarina de França da Silva;FSilva935
clarice.alcantara@hotmail.com;clarice.alcantara;Clarice Luzia de Alcântara;CAlcantara414
dara.araujo@outlook.com;dara.araujo;Dara Izvaze de Araújo;DAraujo940
sergio.neves@gmail.com;sergio.neves;Sérgio Guedes Samclaz das Neves;SNeves366
valeria.gomes@gmail.com;valeria.gomes;Valéria Hellen de Cardoso Gomes;VGomes476
juliano.parana@gmail.com;juliano.parana;Juliano de Vasconcelos do Paraná;JParana568
elisa.mourao@uol.com;elisa.mourao;Elisa Verônica de Sampaio dos Santos Mourão;EMourao502
margarete.vaz@uol.com;margarete.vaz;Margarete Karin Vaz;MVaz368
marcela.santos@gmail.com;marcela.santos;Marcela dos Santos;MSantos191
demilson.paz@hotmail.com;demilson.paz;Demilson da Paz;DPaz676
aline.auson@gmail.com;aline.auson;Aline Fátima de Gusmão Auson;AAuson553
arthur.souza@uol.com;arthur.souza;Arthur de Souza;ASouza562
dante.madureira@uol.com;dante.madureira;Dante Luís Glessuntha Seixas de Madureira;DMadureira704
isaiane.shuopis@outlook.com;isaiane.shuopis;Isaiane Cristiane Igreja Aeoarn Shuopis;IShuopis528
rosangela.itli@hotmail.com;rosangela.itli;Rosângela Itli;RItli543
jean.nifuvroilvic@uol.com;jean.nifuvroilvic;Jean Nifuvroilvic;JNifuvroilvic272
terezinha.plovedieman@outlook.com;terezinha.plovedieman;Terezinha de Salvador Plovedieman;TPlovedieman705
antonio.graca@uol.com;antonio.graca;Antônio da Graça;AGraca209
xavier.iglesias@gmail.com;xavier.iglesias;Xavier Ceol de Iglesias;XIglesias885
angela.imurnbaju@outlook.com;angela.imurnbaju;Ângela Mikaella Imurnbaju;AImurnbaju883
demilson.neto@uol.com;demilson.neto;Demilson Nunes de Guimarães Neto;DNeto749
luigi.bezerra@outlook.com;luigi.bezerra;Luigi Leandro de Bezerra;LBezerra806
jose.silva@gmail.com;jose.silva;José Leandro da Silva;JSilva878
xilena.figueiredo@outlook.com;xilena.figueiredo;Xilena Verônica Tepa de Figueiredo;XFigueiredo843
matheus.silva@hotmail.com;matheus.silva;Matheus Leopoldo da Silva;MSilva883
tina.nozu@outlook.com;tina.nozu;Tina Dori Nozu;TNozu392
carolina.couto@outlook.com;carolina.couto;Carolina Couto;CCouto594
bartolomeu.aeao@hotmail.com;bartolomeu.aeao;Bartolomeu de Ferreira Aeão;BAeao157
melissa.oclogona@hotmail.com;melissa.oclogona;Melissa Oclogona;MOclogona353
washington.gralysoman@gmail.com;washington.gralysoman;Washington Cauê Gralysoman;WGralysoman972
jandira.photirnuriz@gmail.com;jandira.photirnuriz;Jandira Mernteão Photirnuriz;JPhotirnuriz769
violeta.ropida@gmail.com;violeta.ropida;Violeta Ropida;VRopida723
xavier.klein@hotmail.com;xavier.klein;Xavier Klein;XKlein615
zenaide.jegoe@gmail.com;zenaide.jegoe;Zenaide Mikaella de Lins Jegoe;ZJegoe981
abilio.neto@gmail.com;abilio.neto;Abílio Jair da Silva Neto;ANeto610
oliver.lucy@outlook.com;oliver.lucy;Oliver Arnaldo de Alves Lucy;OLucy307
isac.gois@gmail.com;isac.gois;Isac Quico da Silva Góis;IGois301
ali.teixeira@outlook.com;ali.teixeira;Ali Doiyzvic da Silva de Teixeira;ATeixeira683
mateus.pajio@uol.com;mateus.pajio;Mateus Ricardo Daro Pajio;MPajio573
laura.bornmma@uol.com;laura.bornmma;Laura Nádia Castelo Branco Bornmma;LBornmma542
paula.sanches@outlook.com;paula.sanches;Paula Eliomar de Carvalho Trevisan Sanches;PSanches793
ediane.lili@outlook.com;ediane.lili;Ediane de Parreira Lili;ELili630
lais.dias@hotmail.com;lais.dias;Laís Dias;LDias582
adonis.silva@uol.com;adonis.silva;Adônis da Silva;ASilva406
teresa.rodrigues@uol.com;teresa.rodrigues;Teresa Rodrigues;TRodrigues384
fabiana.gimenes@uol.com;fabiana.gimenes;Fabiana Graziele da Silva de Gimenes;FGimenes520
monica.cardoso@uol.com;monica.cardoso;Mônica Ivete Iener de Cardoso;MCardoso382
juliano.silva@outlook.com;juliano.silva;Juliano da Silva;JSilva746
everton.sanches@uol.com;everton.sanches;Everton Jacinto Sanches;ESanches719
teresa.trindade@outlook.com;teresa.trindade;Teresa Ângela Yrnlobirnis de Trindade;TTrindade972
helio.junior@uol.com;helio.junior;Hélio Coutinho Júnior;HJunior293
bete.peixoto@hotmail.com;bete.peixoto;Bete Nini de Peixoto;BPeixoto222
benedito.silva@outlook.com;benedito.silva;Benedito Jason da Silva;BSilva449
ana.olioi@uol.com;ana.olioi;Ana Sabrina Olioi;AOlioi989
flavia.vaz@hotmail.com;flavia.vaz;Flávia Léia de Jesus Vaz;FVaz272
hamilton.santana@uol.com;hamilton.santana;Hamilton de Santana;HSantana803
juliano.branco@gmail.com;juliano.branco;Juliano Sanches Branco;JBranco317
ivanete.freitas@hotmail.com;ivanete.freitas;Ivanete Brenda do Prado de Freitas;IFreitas691
amalia.famfasison@outlook.com;amalia.famfasison;Amália de Oliva Ipuzã Famfasison;AFamfasison907
vania.seuao@outlook.com;vania.seuao;Vânia Seuão;VSeuao111
zenaide.boernson@outlook.com;zenaide.boernson;Zenaide Rosimeire da Silva Boernson;ZBoernson666
caue.enzzefoe@outlook.com;caue.enzzefoe;Cauê Arthur de Salvador Enzzefoe;CEnzzefoe332
thiago.gomes@hotmail.com;thiago.gomes;Thiago Gomes;TGomes661
nilton.uproan@gmail.com;nilton.uproan;Nilton Gilson de Borges da Silva Uproan;NUproan769
clotilde.silva@hotmail.com;clotilde.silva;Clotilde Adaman da Silva;CSilva610
madalena.eyrnu@hotmail.com;madalena.eyrnu;Madalena Eyrnu;MEyrnu450
alvaro.cypes@outlook.com;alvaro.cypes;Álvaro Estrada da Graça Cypes;ACypes924
lena.matos@uol.com;lena.matos;Lena de Matos;LMatos186
eunice.silva@outlook.com;eunice.silva;Eunice Jardim da Silva;ESilva110
tina.camara@outlook.com;tina.camara;Tina de Medeiros Câmara;TCamara774
chico.junior@gmail.com;chico.junior;Chico Décio Uka Júnior;CJunior831
nicole.albuquerque@gmail.com;nicole.albuquerque;Nicole de Albuquerque;NAlbuquerque741
jonathan.rabori@outlook.com;jonathan.rabori;Jonathan de Borges Nemeser Rabori;JRabori381
angelo.woke@outlook.com;angelo.woke;Ângelo Woke;AWoke495
vitor.bouro@gmail.com;vitor.bouro;Vitor de Souza Merngoeson Bouro;VBouro697
monique.campos@gmail.com;monique.campos;Monique Laila Saspufa de Campos;MCampos231
suzy.buarque@gmail.com;suzy.buarque;Suzy Leni de São Pedro Buarque;SBuarque706
sergio.tehatemi@uol.com;sergio.tehatemi;Sérgio Maurício Tehatemi;STehatemi878
everaldo.natriti@uol.com;everaldo.natriti;Everaldo de Queiroz Natriti;ENatriti305
valeria.lisboa@outlook.com;valeria.lisboa;Valéria da Silva de Lisboa;VLisboa180
leni.myernrago@outlook.com;leni.myernrago;Leni Maria Gomes Myernrago;LMyernrago439
maria.palhares@gmail.com;maria.palhares;Maria de Palhares;MPalhares960
aloisio.greji@uol.com;aloisio.greji;Aloísio de Souza Greji;AGreji673
jesus.prado@hotmail.com;jesus.prado;Jesus Albano do Prado;JPrado548
suzanne.aorni@hotmail.com;suzanne.aorni;Suzanne Aorni;SAorni852
bianca.silva@uol.com;bianca.silva;Bianca Fernanda de Bezerra Aivic da Silva;BSilva971
margarida.bikenochi@uol.com;margarida.bikenochi;Margarida Dina Bikenochi;MBikenochi686
severino.goncalves@gmail.com;severino.goncalves;Severino Geraldo Pinto de Gonçalves;SGoncalves376
samuel.junior@outlook.com;samuel.junior;Samuel Leandro Cromorntrozã Júnior;SJunior944
mario.campos@gmail.com;mario.campos;Mário do Nascimento de Campos;MCampos396
oseas.junior@hotmail.com;oseas.junior;Oséas Danilo Yusokene de Souza Guerra Júnior;OJunior537
armando.esiazdol@gmail.com;armando.esiazdol;Armando Esiazdol;AEsiazdol424
lina.siqueira@gmail.com;lina.siqueira;Lina de Siqueira;LSiqueira992
ademar.junior@uol.com;ademar.junior;Ademar Israel de Tozetto Júnior;AJunior990
marcia.nazgufluiman@hotmail.com;marcia.nazgufluiman;Márcia de Salvador Nazgufluiman;MNazgufluiman419
maira.macedo@gmail.com;maira.macedo;Maíra Michele Eotelson de Macedo;MMacedo720
samia.rangel@hotmail.com;samia.rangel;Sâmia Zesbra Rangel;SRangel516
leo.albuquerque@uol.com;leo.albuquerque;Leo Toninho do Maranhão Auizirn de Albuquerque;LAlbuquerque800
breno.luz@gmail.com;breno.luz;Breno da Luz;BLuz307
cristiane.franco@uol.com;cristiane.franco;Cristiane Moreno de Brito Franco;CFranco420
ramon.pascoal@gmail.com;ramon.pascoal;Ramon Batista de Pascoal;RPascoal861
dara.silva@hotmail.com;dara.silva;Dara da Silva;DSilva434
jardel.junior@uol.com;jardel.junior;Jardel Herrera de Oliveira Júnior;JJunior729
erica.valverde@outlook.com;erica.valverde;Érica Yolanda de Farias Valverde;EValverde678
valter.junior@uol.com;valter.junior;Valter Dionísio Asem Noya Júnior;VJunior536
wellington.junior@uol.com;wellington.junior;Wellington Demilson de Azevedo Zope Júnior;WJunior838
wellington.bizfi@uol.com;wellington.bizfi;Wellington Heitor Bizfi;WBizfi486
augusto.fortes@gmail.com;augusto.fortes;Augusto Fortes;AFortes752
hilda.lankamson@gmail.com;hilda.lankamson;Hilda Lígia Lankamson;HLankamson281
geraldo.espanha@gmail.com;geraldo.espanha;Geraldo Raul Teles de Espanha;GEspanha881
martinho.aclyman@hotmail.com;martinho.aclyman;Martinho Karl do Rio Aclyman;MAclyman628
alfredo.pereira@gmail.com;alfredo.pereira;Alfredo Leandro Rodrigues de Pereira;APereira452
ursula.akenoda@gmail.com;ursula.akenoda;Úrsula Meire de Soares Akenoda;UAkenoda332
benjamin.vasconcelos@hotmail.com;benjamin.vasconcelos;Benjamin Bóris Naves de Vasconcelos;BVasconcelos321
luara.prado@outlook.com;luara.prado;Luara Edilene Kedabatsu do Prado;LPrado819
toninho.campos@gmail.com;toninho.campos;Toninho de Campos;TCampos488
geraldo.yogi@outlook.com;geraldo.yogi;Geraldo de Fraga Yogi;GYogi222
monica.pinhao@hotmail.com;monica.pinhao;Mônica Bella de Barros Pinhão;MPinhao516
nilton.oliveira@hotmail.com;nilton.oliveira;Nilton Esive de Oliveira;NOliveira126
jonathan.franco@hotmail.com;jonathan.franco;Jonathan Israel Franco;JFranco730
patrick.martinez@uol.com;patrick.martinez;Patrick Isaías da Silva de Oliveira Martinez;PMartinez999
wesley.silva@uol.com;wesley.silva;Wesley de Pascoal da Silva;WSilva696
arlete.prado@gmail.com;arlete.prado;Arlete do Prado;APrado642
ivete.serra@uol.com;ivete.serra;Ivete Angélica de Barbosa da Serra;ISerra878
valeska.gome@outlook.com;valeska.gome;Valeska Gome;VGome964
alberto.junior@gmail.com;alberto.junior;Alberto de Araújo Júnior;AJunior641
angelo.mineiro@gmail.com;angelo.mineiro;Ângelo Mineiro;AMineiro963
gilmara.werner@hotmail.com;gilmara.werner;Gilmara Canalnodoã Góis Werner;GWerner767
renata.silva@hotmail.com;renata.silva;Renata Portugal da Silva;RSilva529
cristiane.barbosa@gmail.com;cristiane.barbosa;Cristiane Mirela de Barbosa;CBarbosa123
jason.gusmao@uol.com;jason.gusmao;Jason Olian de Gusmão;JGusmao239
anne.silva@uol.com;anne.silva;Anne Beatriz Ripi de Lins da Silva;ASilva724
bento.neto@hotmail.com;bento.neto;Bento do Amaral Coutinho Fuoas Neto;BNeto322
melanie.iglesias@outlook.com;melanie.iglesias;Melanie Ezsyman de Iglesias;MIglesias379
marciano.nogueira@hotmail.com;marciano.nogueira;Marciano de Nogueira;MNogueira104
baltazar.kluison@gmail.com;baltazar.kluison;Baltazar Osório Kluison;BKluison601
dilma.prates@outlook.com;dilma.prates;Dilma Prates;DPrates352
tiago.bebi@gmail.com;tiago.bebi;Tiago Bebi;TBebi567
murilo.barboza@hotmail.com;murilo.barboza;Murilo Marciano de Barboza;MBarboza860
uribe.fernandes@gmail.com;uribe.fernandes;Uribe Nowakoga dos Santos de Fernandes;UFernandes885
vera.onril@gmail.com;vera.onril;Vera Onril;VOnril139
ariana.amorim@hotmail.com;ariana.amorim;Ariana Terezinha de Amorim;AAmorim770
manuela.melo@outlook.com;manuela.melo;Manuela de Melo;MMelo819
itamar.nenbiomvic@gmail.com;itamar.nenbiomvic;Itamar Herrera Nenbiomvic;INenbiomvic315
aparecida.portugal@outlook.com;aparecida.portugal;Aparecida Portugal;APortugal148
guilherme.junior@gmail.com;guilherme.junior;Guilherme Ali Negrão dos Santos Júnior;GJunior376
barnabe.junior@hotmail.com;barnabe.junior;Barnabé Sebastião Barroso Oyncu Júnior;BJunior902
claudia.pirnrra@outlook.com;claudia.pirnrra;Cláudia Joyce Ofom Pirnrra;CPirnrra715
jackson.silva@hotmail.com;jackson.silva;Jackson Elano da Silva;JSilva847
oliver.vumdysyman@gmail.com;oliver.vumdysyman;Oliver Vumdysyman;OVumdysyman183
nair.sampaio@gmail.com;nair.sampaio;Nair Paulínia Zaian de Sampaio;NSampaio693
joao.neto@outlook.com;joao.neto;João da Silva Neto;JNeto536
vivian.souza@outlook.com;vivian.souza;Vívian Valeska Lopes de Souza;VSouza401
renato.torres@hotmail.com;renato.torres;Renato de Sobral Nizodilão Torres;RTorres221
jaziel.nunes@uol.com;jaziel.nunes;Jaziel de São Pedro Nunes;JNunes348
toninho.peixoto@hotmail.com;toninho.peixoto;Toninho de Peixoto;TPeixoto779
tabata.umoz@uol.com;tabata.umoz;Tábata Jenny Umoz;TUmoz364
armando.barros@uol.com;armando.barros;Armando de Barros;ABarros490
fernando.junior@gmail.com;fernando.junior;Fernando Orlando de Araújo Tivi Muceilgiov Júnior;FJunior611
jardel.nabaebenov@gmail.com;jardel.nabaebenov;Jardel Tloila dos Reis Nabaebenov;JNabaebenov107
melissa.toledo@hotmail.com;melissa.toledo;Melissa Olga Bahia de Toledo;MToledo655
rosangela.silva@gmail.com;rosangela.silva;Rosângela Lígia de Souza da Silva;RSilva882
susan.seaclyn@outlook.com;susan.seaclyn;Susan Karin Mourão Seaclyn;SSeaclyn338
isac.tsubu@hotmail.com;isac.tsubu;Isac Laerte da Paz de Lemes Tsubu;ITsubu181
vania.vaz@uol.com;vania.vaz;Vânia Cícera de Alvim Vaz;VVaz215
igor.pereira@gmail.com;igor.pereira;Igor Trevisan de Pereira;IPereira148
ivone.barbosa@outlook.com;ivone.barbosa;Ivone Violeta de Barbosa;IBarbosa337
carlos.tlolkigo@hotmail.com;carlos.tlolkigo;Carlos Guilherme de Oliveira Tlolkigo;CTlolkigo424
kim.silva@hotmail.com;kim.silva;Kim de Gusmão da Silva;KSilva150
ingrid.ortiz@gmail.com;ingrid.ortiz;Ingrid de Ortiz;IOrtiz893
ana.rosatto@gmail.com;ana.rosatto;Ana Helena Trevisan Rosatto;ARosatto118
suely.marques@gmail.com;suely.marques;Suely da Paz Marques;SMarques260
rogerio.guga@outlook.com;rogerio.guga;Rogério Heitor Guga;RGuga383
samuel.meireles@hotmail.com;samuel.meireles;Samuel Chico de Meireles;SMeireles230
manuel.marinho@outlook.com;manuel.marinho;Manuel André de Sampaio Marinho;MMarinho636
renato.silva@uol.com;renato.silva;Renato Ricardo de Carvalho da Silva;RSilva554
bernadete.silva@hotmail.com;bernadete.silva;Bernadete Diana da Silva;BSilva184
carlos.seixas@uol.com;carlos.seixas;Carlos Nozmenman Seixas;CSeixas564
ana.mesaki@outlook.com;ana.mesaki;Ana Mesaki;AMesaki425
lina.alves@gmail.com;lina.alves;Lina de Alves;LAlves757
mario.milani@outlook.com;mario.milani;Mário Milani;MMilani827
rebeca.souza@uol.com;rebeca.souza;Rebeca de Souza;RSouza109
ney.nunes@uol.com;ney.nunes;Ney Antônio Nunes;NNunes397
ariel.farias@uol.com;ariel.farias;Ariel Mercado de Farias;AFarias830
edson.junior@uol.com;edson.junior;Edson da Silva de Barros Wimnoson Júnior;EJunior207
otavio.saskomdraeman@hotmail.com;otavio.saskomdraeman;Otávio Saskomdraeman;OSaskomdraeman219
jussara.silva@gmail.com;jussara.silva;Jussara da Silva;JSilva369
luigi.cruz@uol.com;luigi.cruz;Luigi da Cruz;LCruz202
jandira.rosatto@gmail.com;jandira.rosatto;Jandira Nair Rosatto;JRosatto875
marciane.beva@uol.com;marciane.beva;Marciane Mariana Beva;MBeva964
adonis.vieira@hotmail.com;adonis.vieira;Adônis Sílvio Maroro Itemapu de Vieira;AVieira904
marcia.tozetto@uol.com;marcia.tozetto;Márcia Érica de Tozetto;MTozetto317
manoel.santos@uol.com;manoel.santos;Manoel dos Santos;MSantos869
angelica.oliveira@gmail.com;angelica.oliveira;Angélica Ana Raosepo de Oliveira;AOliveira904
luigi.ofoarn@outlook.com;luigi.ofoarn;Luigi da Silva de Matos Ofoarn;LOfoarn416
jardel.alaer@gmail.com;jardel.alaer;Jardel Alaer;JAlaer279
frederico.junior@hotmail.com;frederico.junior;Frederico Ocasrasiman Júnior;FJunior901
sandro.irnlimuov@gmail.com;sandro.irnlimuov;Sandro Irnlimuov;SIrnlimuov199
mario.barbosa@outlook.com;mario.barbosa;Mário Washington de Barbosa;MBarbosa773
laercio.hatohe@uol.com;laercio.hatohe;Laércio Demilson Jangada de Matos Hatohe;LHatohe662
luzimara.tacla@uol.com;luzimara.tacla;Luzimara Tacla;LTacla995
ciro.jinfu@gmail.com;ciro.jinfu;Ciro Jinfu;CJinfu266
paulo.morais@uol.com;paulo.morais;Paulo Caio Ximenes de Morais;PMorais775
isabel.gomes@uol.com;isabel.gomes;Isabel Uyrnman Gomes;IGomes386
kaue.nunes@hotmail.com;kaue.nunes;Kauê Vinícius Nunes;KNunes809
edinaldo.suigreo@hotmail.com;edinaldo.suigreo;Edinaldo Jason Repeue Suigreo;ESuigreo472
bruno.terceiro@gmail.com;bruno.terceiro;Bruno Pedro dos Santos Terceiro;BTerceiro148
jenny.silva@hotmail.com;jenny.silva;Jenny de Vargas da Silva;JSilva165
tina.paim@uol.com;tina.paim;Tina Teresa Paim;TPaim491
selma.gomes@outlook.com;selma.gomes;Selma de Guimarães Gomes;SGomes513
celina.jardim@uol.com;celina.jardim;Celina Rosilda da Silva Jardim;CJardim621
gilberto.gomes@outlook.com;gilberto.gomes;Gilberto Flávio Gomes;GGomes186
fabricio.parana@outlook.com;fabricio.parana;Fabrício do Paraná;FParana679
barnabe.toledo@gmail.com;barnabe.toledo;Barnabé Kevin de Toledo;BToledo185
angelica.silva@hotmail.com;angelica.silva;Angélica da Silva;ASilva171
laercio.silva@gmail.com;laercio.silva;Laércio de Souza Tatason da Silva;LSilva459
everton.parana@outlook.com;everton.parana;Everton Roger do Paraná;EParana173
barbara.menezes@outlook.com;barbara.menezes;Bárbara Rita Preto de Menezes;BMenezes903
bruna.barroso@gmail.com;bruna.barroso;Bruna Elisa Itrivo Barroso;BBarroso407
manuel.franca@outlook.com;manuel.franca;Manuel Joel de França;MFranca275
rodrigo.pimentel@hotmail.com;rodrigo.pimentel;Rodrigo Fontes Aino de Pimentel;RPimentel925
sheila.amumman@gmail.com;sheila.amumman;Sheila Ivanete Amumman;SAmumman646
shirley.bahia@outlook.com;shirley.bahia;Shirley de Medeiros Ioveman Bahia;SBahia500
laila.arnzzamov@hotmail.com;laila.arnzzamov;Laila Laís Arnzzamov;LArnzzamov756
talita.gomes@outlook.com;talita.gomes;Talita Violeta de Nogueira Gomes;TGomes345
maria.sateyuga@uol.com;maria.sateyuga;Maria Guerra Sateyuga;MSateyuga364
giovanni.malta@uol.com;giovanni.malta;Giovanni Bichira de Malta;GMalta396
martin.dezulaler@gmail.com;martin.dezulaler;Martin Vinícius Dezulaler;MDezulaler538
velma.souza@hotmail.com;velma.souza;Velma Couto de Souza;VSouza104
antonio.barroso@uol.com;antonio.barroso;Antônio Simão Guedes Barroso;ABarroso444
ismael.alsome@gmail.com;ismael.alsome;Ismael de Brito Alsome;IAlsome676
angela.miason@uol.com;angela.miason;Ângela Tânia de Jesus Miason;AMiason926
igor.diniz@outlook.com;igor.diniz;Igor Josiel de Diniz;IDiniz470
zilda.ramos@hotmail.com;zilda.ramos;Zilda de Ramos;ZRamos212
juliano.pezao@uol.com;juliano.pezao;Juliano Pezao;JPezao128
eleriane.vrepline@outlook.com;eleriane.vrepline;Eleriane Suzy de Campos Vrepline;EVrepline719
pedro.junior@gmail.com;pedro.junior;Pedro Marcelo de Diniz Freire Júnior;PJunior614
plinio.conceicao@uol.com;plinio.conceicao;Plínio Talsi da Conceição;PConceicao849
soraya.igreja@outlook.com;soraya.igreja;Soraya Tisier Igreja;SIgreja161
eric.ynfason@uol.com;eric.ynfason;Eric Bóris Ynfason;EYnfason234
giovanni.silva@uol.com;giovanni.silva;Giovanni Silvair Nehis da Silva;GSilva433
ivone.crumio@outlook.com;ivone.crumio;Ivone Crumio;ICrumio683
mel.negrao@gmail.com;mel.negrao;Mel de Alves Bemsziman Negrão;MNegrao245
poliana.sauer@gmail.com;poliana.sauer;Poliana Jenny Miromu Sauer;PSauer153
caue.siqueira@outlook.com;caue.siqueira;Cauê de Siqueira;CSiqueira342
nicole.pascoal@uol.com;nicole.pascoal;Nicole de Pascoal;NPascoal237
flavia.fontes@uol.com;flavia.fontes;Flávia Eloá da Silva Fontes;FFontes892
vivian.frias@outlook.com;vivian.frias;Vívian Maria de Nogueira Rolotamern Frias;VFrias277
rebeca.avea@outlook.com;rebeca.avea;Rebeca Thaíssa de Noronha Aveã;RAvea773
graziele.silva@hotmail.com;graziele.silva;Graziele Zenaide Mercado da Silva;GSilva123
karin.gizai@hotmail.com;karin.gizai;Karin Fernanda da Silva Gizai;KGizai512
mayra.guerra@gmail.com;mayra.guerra;Mayra de Souza Anlurnan Guerra;MGuerra420
adilson.junior@hotmail.com;adilson.junior;Adílson Osório Vluliner de Abreu Júnior;AJunior664
victor.neto@uol.com;victor.neto;Victor Alex Fontes Neto;VNeto141
edson.neto@uol.com;edson.neto;Edson Aécio de Oliva Nepe Neto;ENeto599
rosana.muniz@uol.com;rosana.muniz;Rosana da Gama de Muniz;RMuniz921
juliana.jesus@outlook.com;juliana.jesus;Juliana de Jesus;JJesus468
cassia.fesuebrona@outlook.com;cassia.fesuebrona;Cássia de Souza Fesuebronã;CFesuebrona907
abilio.cerqueira@hotmail.com;abilio.cerqueira;Abílio Zata de Cerqueira;ACerqueira838
alberto.santos@hotmail.com;alberto.santos;Alberto Mariano Dias Coutinho dos Santos;ASantos419
anderson.weruvic@gmail.com;anderson.weruvic;Anderson Willian Asnel Weruvic;AWeruvic698
heitor.matos@hotmail.com;heitor.matos;Heitor de Matos;HMatos907
silvio.paiva@gmail.com;silvio.paiva;Sílvio de Paiva;SPaiva193
jean.braga@outlook.com;jean.braga;Jean Bernardo de Braga;JBraga866
rodrigo.toledo@hotmail.com;rodrigo.toledo;Rodrigo Nyshubun de Toledo;RToledo105
valdirene.coeiov@uol.com;valdirene.coeiov;Valdirene Yolanda Coeiov;VCoeiov454
vinicius.cardoso@gmail.com;vinicius.cardoso;Vinícius de Cardoso;VCardoso440
bartolomeu.cela@uol.com;bartolomeu.cela;Bartolomeu de Ferreira Cela;BCela717
fred.silva@outlook.com;fred.silva;Fred Otto Sestrea de Torquato da Silva;FSilva290
jaziel.lima@outlook.com;jaziel.lima;Jaziel de Lima;JLima475
margarida.alimavic@hotmail.com;margarida.alimavic;Margarida Luara Borba Alimavic;MAlimavic447
janaina.vlorna@hotmail.com;janaina.vlorna;Janaína Sílvia Vlorna;JVlorna978
sabrina.albuquerque@uol.com;sabrina.albuquerque;Sabrina de Albuquerque;SAlbuquerque572
vera.zenechido@outlook.com;vera.zenechido;Vera Zenechido;VZenechido856
vanessa.silva@gmail.com;vanessa.silva;Vanessa Maria dos Santos de Amorim da Silva;VSilva874
telma.pimentel@outlook.com;telma.pimentel;Telma Eloá Simapreoson de Pimentel;TPimentel480
lucia.taru@hotmail.com;lucia.taru;Lúcia Jenny Taru;LTaru443
heron.salvador@uol.com;heron.salvador;Heron Jacinto de Salvador;HSalvador657
clotilde.martins@gmail.com;clotilde.martins;Clotilde de Martins;CMartins916
baltazar.junior@uol.com;baltazar.junior;Baltazar Nilo da Silva Mito de Pereira Júnior;BJunior128
antonio.aeseov@uol.com;antonio.aeseov;Antônio de Souza Aeseov;AAeseov502
tales.etrin@outlook.com;tales.etrin;Táles de Malta Etrin;TEtrin928
mariana.assuncao@hotmail.com;mariana.assuncao;Mariana Rita de Assunção;MAssuncao223
lilian.izsi@uol.com;lilian.izsi;Lilian Teresa de Parreira Greltreman Izsi;LIzsi579
katia.silva@uol.com;katia.silva;Kátia de Paiva da Silva;KSilva692
sara.figueiredo@outlook.com;sara.figueiredo;Sara Jéssica Gimugiri Kuhiroba de Figueiredo;SFigueiredo274
fagner.gazchirn@hotmail.com;fagner.gazchirn;Fagner Batista Gazchirn;FGazchirn882
catarina.gomes@uol.com;catarina.gomes;Catarina Gomes;CGomes856
isac.harubi@gmail.com;isac.harubi;Isac Xavier de Salvador Harubi;IHarubi595
soraya.silva@outlook.com;soraya.silva;Soraya Yolanda da Silva;SSilva309
zara.gomes@outlook.com;zara.gomes;Zara Liane Bushi Gomes;ZGomes655
flavia.apuju@uol.com;flavia.apuju;Flávia Tina Apuju;FApuju363
vinicius.oliva@outlook.com;vinicius.oliva;Vinícius Alfredo Wobowa de Oliva;VOliva238
paulo.souza@gmail.com;paulo.souza;Paulo Diogo Kyeuman da Silva de Souza;PSouza719
elisa.almeida@hotmail.com;elisa.almeida;Elisa de Almeida;EAlmeida214
paula.chineteya@hotmail.com;paula.chineteya;Paula Fabíola Chineteya;PChineteya978
leni.ferreira@outlook.com;leni.ferreira;Leni de Ferreira;LFerreira650
ricardo.freire@gmail.com;ricardo.freire;Ricardo Bruno de Meireles Xunoto Freire;RFreire725
charles.gusmoes@gmail.com;charles.gusmoes;Charles Frederico de Gusmões;CGusmoes125
flavio.junior@uol.com;flavio.junior;Flávio Paulo Abuson Prane Júnior;FJunior642
paulo.silva@hotmail.com;paulo.silva;Paulo da Silva;PSilva374
decio.upern@outlook.com;decio.upern;Décio Upern;DUpern278
nivaldo.mendes@gmail.com;nivaldo.mendes;Nivaldo Edivaldo de Oliveira Mendes;NMendes942
gilmar.barboza@gmail.com;gilmar.barboza;Gilmar Aloísio Krezezson de Barboza;GBarboza507
ivone.gigulis@gmail.com;ivone.gigulis;Ivone Gislaine da Nóbrega Gigulis;IGigulis721
hildebrando.animvic@outlook.com;hildebrando.animvic;Hildebrando Animvic;HAnimvic605
felipe.souza@outlook.com;felipe.souza;Felipe dos Reis de Souza;FSouza313
avelino.souza@uol.com;avelino.souza;Avelino Nirakini de Souza;ASouza398
maria.mercado@outlook.com;maria.mercado;Maria Jéssica da Silva Mercado;MMercado782
anne.sanches@hotmail.com;anne.sanches;Anne Maria da Luz de Moura Sanches;ASanches394
anne.waohada@uol.com;anne.waohada;Anne Márcia Waohada;AWaohada125
marielle.santos@hotmail.com;marielle.santos;Marielle Albina dos Santos;MSantos123
elaine.vieira@outlook.com;elaine.vieira;Elaine de Vieira;EVieira867
mariano.paim@hotmail.com;mariano.paim;Mariano de Alves Paim;MPaim559
terezinha.daki@hotmail.com;terezinha.daki;Terezinha Soraya Eboes Daki;TDaki255
otaviano.junior@uol.com;otaviano.junior;Otaviano Antônio Pinhão Weiss Júnior;OJunior746
thais.gobaniso@uol.com;thais.gobaniso;Thaís de Souza Gobaniso;TGobaniso459
augusto.martinez@outlook.com;augusto.martinez;Augusto Kauê de Souza Martinez;AMartinez586
genir.preto@outlook.com;genir.preto;Genir Marcielle Preto;GPreto549
guiomar.rikoda@hotmail.com;guiomar.rikoda;Guiomar de Cerqueira Rikoda;GRikoda408
selena.kienisern@gmail.com;selena.kienisern;Selena Carolina de Sampaio Kienisern;SKienisern790
anakin.umedo@gmail.com;anakin.umedo;Anakin João Umedo;AUmedo799
osorio.aguiar@outlook.com;osorio.aguiar;Osório Altair de Aguiar;OAguiar275
nadia.souza@uol.com;nadia.souza;Nádia Alessandra Naves Pimedoto de Souza;NSouza186
quenia.tivimfrosi@hotmail.com;quenia.tivimfrosi;Quênia Tivimfrosi;QTivimfrosi181
gisele.rusdreulo@outlook.com;gisele.rusdreulo;Gisele Isaiane Rusdreulo;GRusdreulo216
victor.moreno@hotmail.com;victor.moreno;Victor de Alves da Silva Moreno;VMoreno876
edson.jangada@hotmail.com;edson.jangada;Edson Jangada;EJangada584
raissa.lemes@outlook.com;raissa.lemes;Raíssa de Lemes;RLemes290
filipe.abreu@gmail.com;filipe.abreu;Filipe de Abreu;FAbreu529
jason.boenencha@gmail.com;jason.boenencha;Jason Heitor de Figueira Boenencha;JBoenencha723
francisco.drummond@uol.com;francisco.drummond;Francisco Benedito Brasil de Drummond;FDrummond581
paula.amcessovic@outlook.com;paula.amcessovic;Paula de Alves Amcessovic;PAmcessovic298
davi.junior@hotmail.com;davi.junior;Davi Ramon da Silva Freire Júnior;DJunior547
fatima.eboao@outlook.com;fatima.eboao;Fátima de Castro Eboão;FEboao647
omar.gomes@outlook.com;omar.gomes;Omar Gomes;OGomes761
adrielle.askoz@outlook.com;adrielle.askoz;Adrielle Askoz;AAskoz532
eugenio.junior@uol.com;eugenio.junior;Eugênio Maciel Júnior;EJunior354
telma.chigoji@uol.com;telma.chigoji;Telma Fabíola de Pereira Chigoji;TChigoji439
helio.santos@outlook.com;helio.santos;Hélio Márcio de Morais dos Santos;HSantos578
velma.klein@uol.com;velma.klein;Velma Klein;VKlein716
raissa.silva@outlook.com;raissa.silva;Raíssa Zuleide de São Pedro da Silva;RSilva433
cristina.tozetto@uol.com;cristina.tozetto;Cristina de Tozetto;CTozetto548
andreia.angola@outlook.com;andreia.angola;Andréia de Angola;AAngola221
ricardo.airnuis@gmail.com;ricardo.airnuis;Ricardo da Silva Negrão Airnuis;RAirnuis969
maria.wogenman@hotmail.com;maria.wogenman;Maria Nicole Wogenman;MWogenman463
jorge.tristao@gmail.com;jorge.tristao;Jorge Luan Tristão;JTristao899
martinho.shenalirnkol@uol.com;martinho.shenalirnkol;Martinho Shenalirnkol;MShenalirnkol927
hugo.paranhos@outlook.com;hugo.paranhos;Hugo Sandro Fopune de Paranhos;HParanhos462
tais.brasil@hotmail.com;tais.brasil;Taís Brasil;TBrasil793
vanda.paranhos@hotmail.com;vanda.paranhos;Vanda Uremi de Paranhos;VParanhos120
ana.nobrega@gmail.com;ana.nobrega;Ana Luiza da Nóbrega;ANobrega607
marcos.franca@hotmail.com;marcos.franca;Marcos da Silva de França;MFranca821
olga.daro@outlook.com;olga.daro;Olga Lisa Daro;ODaro564
valdirene.herrera@gmail.com;valdirene.herrera;Valdirene Eliane de Souza da Conceição Herrera;VHerrera188
cleberson.junior@outlook.com;cleberson.junior;Cleberson Gorninu Júnior;CJunior302
flaviana.mosutani@hotmail.com;flaviana.mosutani;Flaviana Mosutani;FMosutani331
ronaldo.silva@outlook.com;ronaldo.silva;Ronaldo Valter Sovese da Silva;RSilva737
avelino.krefa@uol.com;avelino.krefa;Avelino Mimiploi de Salgado Krefa;AKrefa907
carlos.teles@hotmail.com;carlos.teles;Carlos Trararese Teles;CTeles763
elizabete.lemes@hotmail.com;elizabete.lemes;Elizabete de Lemes;ELemes521
fabiola.vaminao@uol.com;fabiola.vaminao;Fabíola da Silva Vaminão;FVaminao404
boris.rodrigues@hotmail.com;boris.rodrigues;Bóris Josiel Rodrigues;BRodrigues233
bella.fygison@hotmail.com;bella.fygison;Bella Eisman Syry Fygison;BFygison462
nicole.matos@outlook.com;nicole.matos;Nicole Selena de Matos;NMatos289
regina.machado@uol.com;regina.machado;Regina Tainara de Machado;RMachado653
cicero.abreu@uol.com;cicero.abreu;Cícero Wilson Feploer de Abreu;CAbreu545
maria.pereira@outlook.com;maria.pereira;Maria Guji de Pereira;MPereira844
rute.holanda@uol.com;rute.holanda;Rute Samara de Holanda;RHolanda800
arthur.pinhais@outlook.com;arthur.pinhais;Arthur Manoel Branco da Silva dos Pinhais;APinhais335
laerte.tomplendiman@uol.com;laerte.tomplendiman;Laerte Tomplendiman;LTomplendiman420
leopoldo.pimenta@outlook.com;leopoldo.pimenta;Leopoldo André de Medeiros Pimenta;LPimenta241
fagner.junior@uol.com;fagner.junior;Fagner Eugênio da Silva Júnior;FJunior652
tainara.silva@outlook.com;tainara.silva;Tainara Marlene Krimeson Belillie da Silva;TSilva715
osvaldo.guedes@outlook.com;osvaldo.guedes;Osvaldo Helder Guedes;OGuedes125
gabriela.valverde@uol.com;gabriela.valverde;Gabriela Valverde;GValverde346
talita.negrao@uol.com;talita.negrao;Talita Walderice de Souza Negrão;TNegrao807
angela.holanda@outlook.com;angela.holanda;Ângela Lívia de Holanda;AHolanda731
roberval.santos@hotmail.com;roberval.santos;Roberval dos Santos;RSantos976
cristiane.egruspirndeov@hotmail.com;cristiane.egruspirndeov;Cristiane Léia Egruspirndeov;CEgruspirndeov651
zeca.angola@hotmail.com;zeca.angola;Zeca Ramon de Angola;ZAngola525
jaziel.d'avila@outlook.com;jaziel.d'avila;Jaziel Victor d'Ávila;Jd'Avila920
bento.anyevic@hotmail.com;bento.anyevic;Bento de Oliveira Anyevic;BAnyevic743
rodrigo.mudope@gmail.com;rodrigo.mudope;Rodrigo dos Santos de Tozetto Mudope;RMudope465
janaina.moseloso@uol.com;janaina.moseloso;Janaína Moseloso;JMoseloso613
leopoldo.cimoxaiman@gmail.com;leopoldo.cimoxaiman;Leopoldo Artur Cimoxaiman;LCimoxaiman734
sara.castelo@gmail.com;sara.castelo;Sara Amélia de Sobral Castelo;SCastelo723
michele.teixeira@gmail.com;michele.teixeira;Michele Eva Bopara de Teixeira;MTeixeira771
quiteria.fernandes@outlook.com;quiteria.fernandes;Quitéria Pimi de Fernandes;QFernandes841
selena.souza@outlook.com;selena.souza;Selena de Souza;SSouza220
edu.chaves@gmail.com;edu.chaves;Edu Fraso de Chaves;EChaves985
kim.ismaernyan@gmail.com;kim.ismaernyan;Kim Manuel Ceme Ismaernyan;KIsmaernyan135
rivaldo.barbosa@hotmail.com;rivaldo.barbosa;Rivaldo Heron Uhipe de Barbosa;RBarbosa516
decio.junior@uol.com;decio.junior;Décio de Fraga Júnior;DJunior771
lena.sauszolul@outlook.com;lena.sauszolul;Lena Sauszolul;LSauszolul351
felix.comelcloteson@uol.com;felix.comelcloteson;Félix Comelcloteson;FComelcloteson497
celso.uyme@gmail.com;celso.uyme;Celso Uyme;CUyme645
cintia.souza@gmail.com;cintia.souza;Cíntia dos Santos de Souza;CSouza803
laura.aimpla@gmail.com;laura.aimpla;Laura de Pereira Aimpla;LAimpla340
israel.graca@gmail.com;israel.graca;Israel da Graça;IGraca982
marcelo.peixoto@uol.com;marcelo.peixoto;Marcelo Mercado de Peixoto;MPeixoto768
quesia.apizer@uol.com;quesia.apizer;Quésia Lígia Apizer;QApizer887
maisa.santos@hotmail.com;maisa.santos;Maísa de Siqueira dos Santos;MSantos356
josiane.dourner@outlook.com;josiane.dourner;Josiane Mara Shiyu Dourner;JDourner473
adriana.pedro@hotmail.com;adriana.pedro;Adriana Ivanete Hapereze de São Pedro;APedro796
yuri.neto@gmail.com;yuri.neto;Yuri Ronaldo de Salvador Ixirnvivic Muai Neto;YNeto444
patricia.barbosa@uol.com;patricia.barbosa;Patrícia de Barbosa;PBarbosa659
cassia.fuiov@hotmail.com;cassia.fuiov;Cássia Fernanda Fuiov;CFuiov527
valdirene.silva@uol.com;valdirene.silva;Valdirene Carla Eirn da Silva;VSilva842
miguel.gomes@uol.com;miguel.gomes;Miguel Ricardo de Martins Gomes;MGomes486
selena.fraga@hotmail.com;selena.fraga;Selena Laura de Fraga;SFraga997
roberto.junior@outlook.com;roberto.junior;Roberto Phokindi Júnior;RJunior835
max.pereira@uol.com;max.pereira;Max Manoel da Silva de Pereira;MPereira840
leopoldo.unison@gmail.com;leopoldo.unison;Leopoldo Unison;LUnison796
silvia.ruoimman@uol.com;silvia.ruoimman;Sílvia Ruoimman;SRuoimman110
ariana.valente@uol.com;ariana.valente;Ariana Fátima Valente;AValente712
moacyr.silva@uol.com;moacyr.silva;Moacyr Cauê Fiogi da Silva;MSilva199
quico.pires@uol.com;quico.pires;Quico de Lemos Pires;QPires131
kevin.marques@gmail.com;kevin.marques;Kevin Denis Ogra Ririsman Marques;KMarques400
quirino.emoer@outlook.com;quirino.emoer;Quirino Camilo Emoer;QEmoer391
israel.oebenov@uol.com;israel.oebenov;Israel Fragoso dos Santos Oebenov;IOebenov412
walter.junior@uol.com;walter.junior;Walter Sebastião de Bragança Júnior;WJunior574
uribe.iern@outlook.com;uribe.iern;Uribe Iern;UIern805
eloi.ceci@gmail.com;eloi.ceci;Elói Edu Ceci;ECeci507
wally.santos@uol.com;wally.santos;Wally Denis Arepe dos Santos;WSantos633
olimpia.gutierrez@outlook.com;olimpia.gutierrez;Olímpia Gutierrez;OGutierrez990
yasmin.lacerda@outlook.com;yasmin.lacerda;Yasmin Celina de Lacerda;YLacerda937
roseli.preto@uol.com;roseli.preto;Roseli de Alvim Rosa Preto;RPreto356
nivaldo.arnfon@gmail.com;nivaldo.arnfon;Nivaldo Arnfon;NArnfon836
everaldo.gornumca@uol.com;everaldo.gornumca;Everaldo Laércio Tenbi Gornumca;EGornumca325
wellington.roniha@outlook.com;wellington.roniha;Wellington Elias Roniha;WRoniha964
decio.menezes@hotmail.com;decio.menezes;Décio Victor Rodrigues de Menezes;DMenezes472
vivian.vasconcelos@hotmail.com;vivian.vasconcelos;Vívian Denise Tristão de Vasconcelos;VVasconcelos581
anderson.neto@outlook.com;anderson.neto;Anderson Rapo Neto;ANeto864
graziele.envune@gmail.com;graziele.envune;Graziele Eulália de Silveira Envune;GEnvune182
humberto.carnurn@hotmail.com;humberto.carnurn;Humberto de Souza Carnurn;HCarnurn559
raiane.teles@uol.com;raiane.teles;Raiane Jandira de Barbosa Teles;RTeles381
gilson.kohahoto@gmail.com;gilson.kohahoto;Gilson da Silva Kohahoto;GKohahoto937
felicia.alvim@uol.com;felicia.alvim;Felícia Samara de Alvim;FAlvim975
gilmara.brito@gmail.com;gilmara.brito;Gilmara Gigi de Brito;GBrito289
sara.vale@hotmail.com;sara.vale;Sara do Vale;SVale391
adriana.grapaov@uol.com;adriana.grapaov;Adriana Amanda Teles Grapaov;AGrapaov473
cesar.rio@outlook.com;cesar.rio;César da Silva do Rio;CRio207
miguel.franco@gmail.com;miguel.franco;Miguel Franco;MFranco576
ursula.icrumezfonan@hotmail.com;ursula.icrumezfonan;Úrsula de Barboza Icrumezfonan;UIcrumezfonan169
fabiana.rocha@uol.com;fabiana.rocha;Fabiana da Rocha;FRocha835
dionisio.martins@uol.com;dionisio.martins;Dionísio Oséas de Martins;DMartins576
itamara.madureira@hotmail.com;itamara.madureira;Itamara Ana da Silva de Madureira;IMadureira941
paulo.junior@outlook.com;paulo.junior;Paulo de Macedo Júnior;PJunior523
quesia.amni@uol.com;quesia.amni;Quésia Marielle de Chaves Amni;QAmni825
marcos.oloier@gmail.com;marcos.oloier;Marcos Murilo Oloier;MOloier983
heitor.euer@uol.com;heitor.euer;Heitor Euer;HEuer713
mario.azevedo@uol.com;mario.azevedo;Mário de Azevedo;MAzevedo739
gilmara.santos@uol.com;gilmara.santos;Gilmara de Silveira dos Santos;GSantos608
juliano.ortiz@uol.com;juliano.ortiz;Juliano da Silva Fomaer de Ortiz;JOrtiz478
dionisio.valverde@outlook.com;dionisio.valverde;Dionísio Valverde;DValverde853
luzia.portugal@outlook.com;luzia.portugal;Luzia Portugal;LPortugal116
ivan.fernandes@gmail.com;ivan.fernandes;Ivan de Fernandes;IFernandes788
bella.nnouno@hotmail.com;bella.nnouno;Bella Jéssica Nnouno;BNnouno738
jaziel.ferraz@uol.com;jaziel.ferraz;Jaziel de Ferraz;JFerraz366
davi.junior@hotmail.com;davi.junior;Davi Mariano Uonvic Júnior;DJunior793
hamilton.paeman@hotmail.com;hamilton.paeman;Hamilton Lúcio Tsugemepi de Pereira Paeman;HPaeman153
leandro.ovra@uol.com;leandro.ovra;Leandro Oadereman Ovra;LOvra353
mario.silva@gmail.com;mario.silva;Mário da Silva;MSilva913
jardel.amoa@hotmail.com;jardel.amoa;Jardel Pablo de Aguiar Amoã;JAmoa437
poliana.alvim@uol.com;poliana.alvim;Poliana de Alvim;PAlvim894
xerxes.godoy@outlook.com;xerxes.godoy;Xerxes de Godoy;XGodoy148
jackson.eiman@outlook.com;jackson.eiman;Jackson Diego da Silva Eiman;JEiman807
zara.santos@uol.com;zara.santos;Zara Wanda Banhos dos Santos;ZSantos535
osorio.santos@gmail.com;osorio.santos;Osório Edinaldo da Silva de Martins dos Santos;OSantos957
alan.jardim@hotmail.com;alan.jardim;Alan de Lisboa Jardim;AJardim222
jairo.werner@gmail.com;jairo.werner;Jairo Damião Werner;JWerner481
moacyr.peres@uol.com;moacyr.peres;Moacyr de Peres;MPeres353
emanoel.cardozo@outlook.com;emanoel.cardozo;Emanoel de Cardozo;ECardozo374
luzimara.eyer@gmail.com;luzimara.eyer;Luzimara Rosilda Dinirnaseman Eyer;LEyer267
manuela.oison@gmail.com;manuela.oison;Manuela Marielle de Pereira Oison;MOison823
patrick.guqui@uol.com;patrick.guqui;Patrick de Pereira Guqui;PGuqui992
helena.rozfidi@outlook.com;helena.rozfidi;Helena Quênia de Lima dos Santos Rozfidi;HRozfidi873
edson.cavalcante@hotmail.com;edson.cavalcante;Edson Chelohen Cavalcante;ECavalcante730
caue.mendonca@uol.com;caue.mendonca;Cauê Gustavo de Mendonça;CMendonca202
arilda.silva@gmail.com;arilda.silva;Arilda da Silva;ASilva331
jose.braganca@outlook.com;jose.braganca;José de Bragança;JBraganca604
raiane.acoi@gmail.com;raiane.acoi;Raiane Acoi;RAcoi519
arilda.silva@gmail.com;arilda.silva;Arilda Eleonora dos Santos Nichian da Silva;ASilva235
hilton.peanwulson@hotmail.com;hilton.peanwulson;Hilton da Paixão Peanwulson;HPeanwulson162
alvaro.jesus@outlook.com;alvaro.jesus;Álvaro Edson de Jesus;AJesus283
jonathas.britto@gmail.com;jonathas.britto;Jonathas de Britto;JBritto300
arilda.abreu@gmail.com;arilda.abreu;Arilda de Abreu;AAbreu722
josiel.sanches@uol.com;josiel.sanches;Josiel de Assis Nuprel Sanches;JSanches526
luiz.junior@uol.com;luiz.junior;Luiz Juan dos Santos Pires Júnior;LJunior612
danilo.lima@uol.com;danilo.lima;Danilo Mateus de Lima;DLima242
vivian.vuznunman@gmail.com;vivian.vuznunman;Vívian Igreja Gutierrez Vuznunman;VVuznunman240
gilson.camara@hotmail.com;gilson.camara;Gilson Arnaldo Câmara;GCamara296
ariana.prates@uol.com;ariana.prates;Ariana Elizabete Prates;APrates259
maisa.yvruam@uol.com;maisa.yvruam;Maísa Verônica do Piauí Yvruam;MYvruam621
fagner.junior@hotmail.com;fagner.junior;Fagner Barnabé Barroso Weber Nirnos Júnior;FJunior511
leni.uison@outlook.com;leni.uison;Leni Gigi Mourão Uison;LUison432
bete.souza@outlook.com;bete.souza;Bete de Souza;BSouza399
ederson.silva@hotmail.com;ederson.silva;Ederson Israel da Silva;ESilva605
cassia.amazonas@hotmail.com;cassia.amazonas;Cássia Zopu Cimu do Amazonas;CAmazonas502
leonardo.couto@outlook.com;leonardo.couto;Leonardo Denis Couto;LCouto829
mel.nevea@hotmail.com;mel.nevea;Mel de Britto Neveã;MNevea522
maria.lisboa@uol.com;maria.lisboa;Maria Bianca Castelo Branco Trolgi de Lisboa;MLisboa243
gigi.zobi@outlook.com;gigi.zobi;Gigi dos Santos Zobi;GZobi249
jardel.ortega@uol.com;jardel.ortega;Jardel Branco Rosa de Ortega;JOrtega390
carolina.almeida@hotmail.com;carolina.almeida;Carolina Voazia do Vale de Almeida;CAlmeida354
paula.gomes@gmail.com;paula.gomes;Paula Gomes;PGomes365
maria.terceiro@gmail.com;maria.terceiro;Maria Susan Prates da Silva Terceiro;MTerceiro753
julio.pereira@hotmail.com;julio.pereira;Júlio Souto de Pereira;JPereira808
ingrid.ribeiro@hotmail.com;ingrid.ribeiro;Ingrid Jandira Ribeiro;IRibeiro459
rita.nunes@uol.com;rita.nunes;Rita Ana de Souza Nunes;RNunes652
sara.mirunogu@gmail.com;sara.mirunogu;Sara Mirunogu;SMirunogu305
martinho.castelo@uol.com;martinho.castelo;Martinho de Vargas Castelo;MCastelo203
jason.lira@gmail.com;jason.lira;Jason Hamilton Castelo da Lira;JLira408
celso.oarndru@outlook.com;celso.oarndru;Celso Juliano Oarndru;COarndru211
julio.mercado@uol.com;julio.mercado;Júlio Mercado;JMercado799
flaviana.valente@gmail.com;flaviana.valente;Flaviana Keyla de Menezes Valente;FValente352
sergio.junior@hotmail.com;sergio.junior;Sérgio Merisov Laon Júnior;SJunior927
claudia.ebresoa@hotmail.com;claudia.ebresoa;Cláudia Nair da Silva Ebresoã;CEbresoa610
kaue.oliva@outlook.com;kaue.oliva;Kauê Hércules de Oliva;KOliva730
tabata.ferraz@outlook.com;tabata.ferraz;Tábata Patrícia Weiss de Ferraz;TFerraz168
elisete.pereira@outlook.com;elisete.pereira;Elisete Camila Opaizão de Pereira;EPereira711
leopoldo.rosa@outlook.com;leopoldo.rosa;Leopoldo Oséas Rosa;LRosa251
jason.honane@uol.com;jason.honane;Jason Aécio Gemalasdel Honane;JHonane220
diogo.munhoz@gmail.com;diogo.munhoz;Diogo Pedro Dias de Munhoz;DMunhoz493
fernanda.cerqueira@outlook.com;fernanda.cerqueira;Fernanda Olímpia de Cerqueira;FCerqueira325
maria.gomes@hotmail.com;maria.gomes;Maria Bazo Gomes;MGomes718
jason.tristao@hotmail.com;jason.tristao;Jason Hércules de Barbosa Tristão;JTristao150
edu.junior@outlook.com;edu.junior;Edu Jitivic de Maia Júnior;EJunior584
eric.ferreira@uol.com;eric.ferreira;Eric Dante de Ferreira;EFerreira643
tais.mercado@outlook.com;tais.mercado;Taís Rosana de Parreira Mercado;TMercado242
jenny.campos@uol.com;jenny.campos;Jenny de Campos;JCampos445
albina.noronha@outlook.com;albina.noronha;Albina Izaliquoman de Noronha;ANoronha775
xilena.fonseca@outlook.com;xilena.fonseca;Xilena Cármen de Fonseca;XFonseca245
eric.umki@outlook.com;eric.umki;Eric Raí Umki;EUmki235
hilda.teixeira@gmail.com;hilda.teixeira;Hilda Jangada dos Santos de Teixeira;HTeixeira264
caue.junior@gmail.com;caue.junior;Cauê da Silva Júnior;CJunior368
armando.junior@hotmail.com;armando.junior;Armando Silvair Nunes Júnior;AJunior846
maria.barroso@outlook.com;maria.barroso;Maria Zulmira de Barros Barroso;MBarroso335
edivaldo.osorio@uol.com;edivaldo.osorio;Edivaldo Dário de Osório;EOsorio723
helena.aurnyn@hotmail.com;helena.aurnyn;Helena Paula Besuji Aurnyn;HAurnyn181
pablo.junior@gmail.com;pablo.junior;Pablo de Lima Weiss Gomes Júnior;PJunior945
marciano.bylelirnni@hotmail.com;marciano.bylelirnni;Marciano Rodolfo Barroso Bylelirnni;MBylelirnni867
leonara.nascimento@hotmail.com;leonara.nascimento;Leonara Torres do Nascimento;LNascimento570
cecilia.gumaji@outlook.com;cecilia.gumaji;Cecília Gumaji;CGumaji309
luciana.angola@uol.com;luciana.angola;Luciana Pinto de Angola;LAngola990
luke.santos@hotmail.com;luke.santos;Luke dos Santos;LSantos374
olga.conceicao@outlook.com;olga.conceicao;Olga da Conceição;OConceicao472
marco.epleo@uol.com;marco.epleo;Marco Epleo;MEpleo951
rosana.rio@hotmail.com;rosana.rio;Rosana Samanta da Paixão do Rio;RRio885
cirilo.barbosa@gmail.com;cirilo.barbosa;Cirilo Nulfytilman de Barbosa;CBarbosa444
vanda.ydon@hotmail.com;vanda.ydon;Vanda Vívian de Simões Ydon;VYdon157
cleuza.ebian@outlook.com;cleuza.ebian;Cleuza Paula Ebian;CEbian358
oliver.silva@outlook.com;oliver.silva;Oliver Luís Dues da Silva;OSilva581
francielle.carvalho@uol.com;francielle.carvalho;Francielle de Carvalho;FCarvalho361
benedito.silva@hotmail.com;benedito.silva;Benedito Itamar Brasil da Silva;BSilva842
ivone.chiseman@uol.com;ivone.chiseman;Ivone Edilene de Paiva Chiseman;IChiseman813
luzimara.silva@outlook.com;luzimara.silva;Luzimara da Silva;LSilva291
samanta.piarngison@hotmail.com;samanta.piarngison;Samanta Piarngison;SPiarngison314
gisele.bahia@uol.com;gisele.bahia;Gisele Melanie Bahia;GBahia728
zulmira.ezenao@gmail.com;zulmira.ezenao;Zulmira Ezenão;ZEzenao911
karl.parana@uol.com;karl.parana;Karl do Paraná;KParana613
willian.pereira@uol.com;willian.pereira;Willian Wesley Dyuvic de Pereira;WPereira495
giovanni.jardim@outlook.com;giovanni.jardim;Giovanni Jardim;GJardim138
sara.sanches@uol.com;sara.sanches;Sara Otávia Sanches;SSanches366
avelino.onuson@outlook.com;avelino.onuson;Avelino Álvaro Onuson;AOnuson108
nicolau.camara@uol.com;nicolau.camara;Nicolau Câmara;NCamara566
ivanete.santos@gmail.com;ivanete.santos;Ivanete Bella dos Santos;ISantos968
adonis.gama@outlook.com;adonis.gama;Adônis Luigi Nubitohi de Pascoal da Gama;AGama781
toninho.albuquerque@uol.com;toninho.albuquerque;Toninho Felipe de Albuquerque;TAlbuquerque440
rosilda.camara@outlook.com;rosilda.camara;Rosilda Tainá de Fernandes Câmara;RCamara320
caio.neto@uol.com;caio.neto;Caio Luiz de Peres Neto;CNeto702
nilton.ayres@outlook.com;nilton.ayres;Nilton Henrique de Ayres;NAyres603
dina.imarn@hotmail.com;dina.imarn;Dina Imarn;DImarn822
jeniffer.espada@gmail.com;jeniffer.espada;Jeniffer Liemicurn Espada;JEspada628
gilmar.souza@outlook.com;gilmar.souza;Gilmar Karl de Souza;GSouza780
leandro.prates@gmail.com;leandro.prates;Leandro Jason da Encarnação Prates;LPrates967
leo.lasse@outlook.com;leo.lasse;Leo de Vargas Enolov Lasse;LLasse359
xilena.torquato@outlook.com;xilena.torquato;Xilena Maria de Torquato;XTorquato117
janete.geyu@outlook.com;janete.geyu;Janete Terezinha Geyu;JGeyu841
maria.gimenes@gmail.com;maria.gimenes;Maria Nayara de Gimenes;MGimenes146
cesar.matos@uol.com;cesar.matos;César Toninho Quoeman de Matos;CMatos771
edivaldo.osdromvic@outlook.com;edivaldo.osdromvic;Edivaldo Osdromvic;EOsdromvic118
renata.dena@gmail.com;renata.dena;Renata Dena;RDena566
tales.junior@hotmail.com;tales.junior;Táles Benedito Oniman da Silva Júnior;TJunior415
angelo.padilha@hotmail.com;angelo.padilha;Ângelo de Padilha;APadilha404
bruna.idio@outlook.com;bruna.idio;Bruna Zenaide de Mendonça Idio;BIdio210
milene.marinho@outlook.com;milene.marinho;Milene de Soares Hira Marinho;MMarinho856
angelica.ciammarn@outlook.com;angelica.ciammarn;Angélica Caoim de Barbosa Ciammarn;ACiammarn346
tabata.jessom@hotmail.com;tabata.jessom;Tábata Boasppilja Jessom;TJessom833
manoel.gomes@hotmail.com;manoel.gomes;Manoel Gomes;MGomes198
rodolfo.martins@outlook.com;rodolfo.martins;Rodolfo de Martins;RMartins687
carla.santo@outlook.com;carla.santo;Carla Elizabete Lymbo do Espírito Santo;CSanto713
inacio.morais@uol.com;inacio.morais;Inácio de Morais;IMorais940
isaias.prates@gmail.com;isaias.prates;Isaías Cauê Prates;IPrates527
heron.salvador@hotmail.com;heron.salvador;Heron de Salvador;HSalvador814
meire.rosatto@uol.com;meire.rosatto;Meire Milene Pires Rosatto;MRosatto890
poliana.dausuza@hotmail.com;poliana.dausuza;Poliana Dausuzã;PDausuza827
bernardo.bezerra@gmail.com;bernardo.bezerra;Bernardo Joaquim Gutierrez de Bezerra;BBezerra289
eustaquio.guerra@hotmail.com;eustaquio.guerra;Eustáquio Guerra;EGuerra300
adonis.parreira@outlook.com;adonis.parreira;Adônis de Parreira;AParreira939
valquiria.pires@outlook.com;valquiria.pires;Valquíria Xilena Pires;VPires249
milene.silva@gmail.com;milene.silva;Milene Jaqueline da Silva;MSilva711
jenny.feoivic@outlook.com;jenny.feoivic;Jenny Feoivic;JFeoivic493
selma.dias@gmail.com;selma.dias;Selma Dias;SDias203
poliana.barotezo@uol.com;poliana.barotezo;Poliana Ingrid Barotezo;PBarotezo768
jaqueline.munez@outlook.com;jaqueline.munez;Jaqueline de Campos da Nóbrega Munez;JMunez694
angelo.azsseomson@gmail.com;angelo.azsseomson;Ângelo Jack Azsseomson;AAzsseomson207
demilson.pereira@outlook.com;demilson.pereira;Demilson Dário Eornã Ozunvic de Pereira;DPereira357
leo.buieo@gmail.com;leo.buieo;Leo Alexandre Isgier Buieo;LBuieo134
rosana.santos@outlook.com;rosana.santos;Rosana Sabrina Jardim Fure dos Santos;RSantos787
luzinete.gusmao@outlook.com;luzinete.gusmao;Luzinete Fortes de Gusmão;LGusmao424
fernanda.tisier@uol.com;fernanda.tisier;Fernanda Ana Tisier;FTisier332
edson.rodrigues@outlook.com;edson.rodrigues;Edson Rodrigues;ERodrigues157
anne.giplanicu@uol.com;anne.giplanicu;Anne Giplanicu;AGiplanicu467
orlando.silva@gmail.com;orlando.silva;Orlando da Silva;OSilva222
itamara.meteovic@outlook.com;itamara.meteovic;Itamara de Gonçalves Meteovic;IMeteovic508
arthur.ealnno@uol.com;arthur.ealnno;Arthur Ealnno;AEalnno754
zara.alvim@outlook.com;zara.alvim;Zara Ana de Alvim;ZAlvim533
reinaldo.firuson@hotmail.com;reinaldo.firuson;Reinaldo Firuson;RFiruson771
nicolas.junior@gmail.com;nicolas.junior;Nicolas de Souza Júnior;NJunior710
valter.gomes@hotmail.com;valter.gomes;Valter Gomes;VGomes527
eulalia.souza@outlook.com;eulalia.souza;Eulália Luiza Tsupezei da Silva de Souza;ESouza522
heloisa.dromremsen@uol.com;heloisa.dromremsen;Heloísa Wendy de Campos Dromremsen;HDromremsen658
tomaz.silva@hotmail.com;tomaz.silva;Tomáz Kim de Alves Schmidt da Silva;TSilva926
elisa.meireles@gmail.com;elisa.meireles;Elisa Bete Oskonae Vanoslemman de Meireles;EMeireles934
hilda.goncalves@outlook.com;hilda.goncalves;Hilda de Gonçalves;HGoncalves771
orlando.camara@gmail.com;orlando.camara;Orlando Ruhebu Vlilgugego Câmara;OCamara414
decio.cobriman@gmail.com;decio.cobriman;Décio Yozman Cobriman;DCobriman313
fabiana.ocaziman@uol.com;fabiana.ocaziman;Fabiana Ana Ocaziman;FOcaziman629
vinicius.guedes@hotmail.com;vinicius.guedes;Vinícius de Lacerda Fragoso Guedes;VGuedes448
lino.gomes@gmail.com;lino.gomes;Lino Gomes;LGomes637
isaias.neto@uol.com;isaias.neto;Isaías Dário Couto Neto;INeto294
evelyn.nitatoga@uol.com;evelyn.nitatoga;Evelyn Nitatoga;ENitatoga786
joelma.dehipeji@gmail.com;joelma.dehipeji;Joelma Walderice Bogiwoshi Tadeson Dehipeji;JDehipeji310
ivanete.silva@hotmail.com;ivanete.silva;Ivanete Valdirene de Almeida Funo da Silva;ISilva521
rute.eltymeo@gmail.com;rute.eltymeo;Rute Eltymeo;REltymeo601
flaviana.yrnaxasbin@hotmail.com;flaviana.yrnaxasbin;Flaviana Yrnaxasbin;FYrnaxasbin634
thiago.gomes@hotmail.com;thiago.gomes;Thiago Gomes;TGomes540
cleberson.luz@uol.com;cleberson.luz;Cleberson Rafael Gepeku de Vargas da Luz;CLuz457
viviane.vargas@outlook.com;viviane.vargas;Viviane de Vargas;VVargas821
fatima.soares@gmail.com;fatima.soares;Fátima Paula Jangada de Soares;FSoares869
joel.vumavic@hotmail.com;joel.vumavic;Joel Jonathan Vumavic;JVumavic998
rivaldo.angola@gmail.com;rivaldo.angola;Rivaldo Onyan de Angola;RAngola864
josiane.cunha@uol.com;josiane.cunha;Josiane Heage da Cunha;JCunha867
lucio.omgi@outlook.com;lucio.omgi;Lúcio Omgi;LOmgi411
helena.coizov@hotmail.com;helena.coizov;Helena Cícera de Souza Coizov;HCoizov520
leonardo.loan@uol.com;leonardo.loan;Leonardo Ebirada Loan;LLoan598
decio.narne@uol.com;decio.narne;Décio Leo da Silva Narne;DNarne344
teresa.arantes@uol.com;teresa.arantes;Teresa de Arantes;TArantes491
vera.terceiro@gmail.com;vera.terceiro;Vera Patrícia de Leite Rangel da Silva Terceiro;VTerceiro712
sergio.maciel@gmail.com;sergio.maciel;Sérgio Israel Maciel;SMaciel722
eliane.araujo@gmail.com;eliane.araujo;Eliane Zara de Araújo;EAraujo138
maria.imea@outlook.com;maria.imea;Maria Dicio Imea;MImea926
nicolas.thyzaoson@outlook.com;nicolas.thyzaoson;Nicolas Bruno Thyzaoson;NThyzaoson272
jardel.marinho@hotmail.com;jardel.marinho;Jardel Benjamin da Silva Marinho;JMarinho295
mike.meozo@gmail.com;mike.meozo;Mike Batista Meozo;MMeozo111
saulo.alnna@outlook.com;saulo.alnna;Saulo Alnna;SAlnna399
wellington.couto@outlook.com;wellington.couto;Wellington Couto;WCouto265
milene.agurri@gmail.com;milene.agurri;Milene Cíntia da Silva Agurri;MAgurri154
sergio.penedo@uol.com;sergio.penedo;Sérgio Penedo;SPenedo906
elizabete.herrera@uol.com;elizabete.herrera;Elizabete Bruna Aesgo Herrera;EHerrera875
marilucia.omen@gmail.com;marilucia.omen;Marilúcia Denise Iynman Omen;MOmen519
benjamin.santos@gmail.com;benjamin.santos;Benjamin dos Santos;BSantos838
meire.barbosa@hotmail.com;meire.barbosa;Meire Bárbara de Barbosa;MBarbosa174
nadia.ebinson@outlook.com;nadia.ebinson;Nádia Telma Ebinson;NEbinson351
marlon.junior@uol.com;marlon.junior;Marlon Bala Gomes Júnior;MJunior370
lucia.silva@hotmail.com;lucia.silva;Lúcia Ana da Silva;LSilva996
raquel.olnniri@uol.com;raquel.olnniri;Raquel Pitagichi Olnniri;ROlnniri650
josiel.souza@hotmail.com;josiel.souza;Josiel de Souza;JSouza298
anakin.ephoumer@gmail.com;anakin.ephoumer;Anakin Paulo Ephoumer;AEphoumer170
roberta.schmidt@uol.com;roberta.schmidt;Roberta Adriana Schmidt;RSchmidt504
fagner.barbosa@uol.com;fagner.barbosa;Fagner Fernando de Barbosa;FBarbosa549
luara.isdizasposon@outlook.com;luara.isdizasposon;Luara Valverde Isdizasposon;LIsdizasposon395
ediane.cerqueira@hotmail.com;ediane.cerqueira;Ediane de Cerqueira;ECerqueira176
priscila.batozenu@uol.com;priscila.batozenu;Priscila Zara de Gimenes Batozenu;PBatozenu748
melanie.loginchoea@hotmail.com;melanie.loginchoea;Melanie Suzanne Loginchoeã;MLoginchoea996
felipe.mercado@hotmail.com;felipe.mercado;Felipe Jonathan dos Santos Mercado;FMercado513
wally.conceicao@uol.com;wally.conceicao;Wally da Conceição;WConceicao387
mara.gimenes@uol.com;mara.gimenes;Mara Frias de Gimenes;MGimenes135
eugenio.jesus@uol.com;eugenio.jesus;Eugênio de Jesus;EJesus121
luciano.rosatto@hotmail.com;luciano.rosatto;Luciano da Silva Rosatto;LRosatto757
thais.phymfu@uol.com;thais.phymfu;Thaís Isabela de Moreira Phymfu;TPhymfu402
hamilton.junior@gmail.com;hamilton.junior;Hamilton Bosuo de Britto Júnior;HJunior648
evelyn.cardozo@uol.com;evelyn.cardozo;Evelyn de Cardozo;ECardozo410
christie.cavalcante@gmail.com;christie.cavalcante;Christie Poliana Cavalcante;CCavalcante809
taina.ximenes@hotmail.com;taina.ximenes;Tainá Ximenes;TXimenes839
bernadete.silveira@uol.com;bernadete.silveira;Bernadete Rebeca de Silveira;BSilveira982
barbara.pereira@outlook.com;barbara.pereira;Bárbara Brenda da Silva de Pereira;BPereira296
marli.santos@outlook.com;marli.santos;Marli Melanie dos Santos;MSantos977
charles.gumtan@hotmail.com;charles.gumtan;Charles Coma Gumtan;CGumtan877
edu.eirn@hotmail.com;edu.eirn;Edu Manoel do Prado Eirn;EEirn159
igor.esagibi@uol.com;igor.esagibi;Igor Lucas da Silva Esagibi;IEsagibi168
wanda.emdern@gmail.com;wanda.emdern;Wanda Negrão Emdern;WEmdern840
diego.duque@gmail.com;diego.duque;Diego Ederson Duque;DDuque271
ismael.prates@gmail.com;ismael.prates;Ismael de Ferraz Prates;IPrates160
cesar.ovlizse@uol.com;cesar.ovlizse;César Jonathan Ovlizse;COvlizse458
jenny.alcaneson@outlook.com;jenny.alcaneson;Jenny Maria de Souza Alcaneson;JAlcaneson165
omar.hehitsu@outlook.com;omar.hehitsu;Omar Ciro de Cerqueira Hehitsu;OHehitsu606
bruna.luzyu@uol.com;bruna.luzyu;Bruna Luzyu;BLuzyu717
marcio.rojypas@gmail.com;marcio.rojypas;Márcio Luciano Rojypas;MRojypas146
mayra.guwo@outlook.com;mayra.guwo;Mayra Sandra Guwo;MGuwo238
matheus.malta@hotmail.com;matheus.malta;Matheus Hugo de Malta;MMalta681
cecilia.bubau@uol.com;cecilia.bubau;Cecília Jaqueline Bubau;CBubau481
natalia.preto@outlook.com;natalia.preto;Natália Preto;NPreto333
leila.mello@uol.com;leila.mello;Leila Fernanda Hashibehe de Mello;LMello108
josiel.othenvic@gmail.com;josiel.othenvic;Josiel de Leite Othenvic;JOthenvic170
batista.teles@uol.com;batista.teles;Batista da Silva Teles;BTeles440
paula.guke@outlook.com;paula.guke;Paula Vitória Dias Guke;PGuke170
andre.magria@outlook.com;andre.magria;André Humberto Uirnnu Magria;AMagria830
milton.aguiar@outlook.com;milton.aguiar;Milton de Aguiar;MAguiar740
vitoria.aguiar@gmail.com;vitoria.aguiar;Vitória Teresa de Aguiar;VAguiar554
rodrigo.nobrega@gmail.com;rodrigo.nobrega;Rodrigo Xerxes da Nóbrega;RNobrega264
cristina.campos@hotmail.com;cristina.campos;Cristina da Encarnação de Campos;CCampos166
ismael.dlasvosnena@gmail.com;ismael.dlasvosnena;Ismael Dlasvosnenã;IDlasvosnena326
luke.ernil@hotmail.com;luke.ernil;Luke Ernil;LErnil504
eulalia.ernea@uol.com;eulalia.ernea;Eulália Wilma de Mello Erneã;EErnea141
jean.sozpa@uol.com;jean.sozpa;Jean de Alencar Sozpa;JSozpa518
lilian.serra@uol.com;lilian.serra;Lilian Juliana da Serra;LSerra892
clarice.malta@uol.com;clarice.malta;Clarice Walderice da Paixão de Malta;CMalta108
breno.paim@gmail.com;breno.paim;Breno Elói Emte Pesu Paim;BPaim192
helio.rodrigues@outlook.com;helio.rodrigues;Hélio Moisés Gomes Rodrigues;HRodrigues913
benedito.dalu@gmail.com;benedito.dalu;Benedito de Barbosa Onzziern Dalu;BDalu144
mirela.marques@hotmail.com;mirela.marques;Mirela Oeonson Marques;MMarques773
celia.mimubu@uol.com;celia.mimubu;Célia Heloísa Gitum Mimubu;CMimubu236
adonis.ximenes@hotmail.com;adonis.ximenes;Adônis Fernando de Duarte Ximenes;AXimenes544
zara.alvarenga@uol.com;zara.alvarenga;Zara Joelma de Alvarenga;ZAlvarenga966
vitor.neto@outlook.com;vitor.neto;Vitor Isac Gutierrez Neto;VNeto786
celso.braganca@gmail.com;celso.braganca;Celso dos Santos de Bragança;CBraganca257
daniela.vaz@hotmail.com;daniela.vaz;Daniela Paim Maciel Vaz;DVaz476
walderice.binarntri@gmail.com;walderice.binarntri;Walderice Thaís de Oliveira Ogozov Binarntri;WBinarntri238
samuel.werner@hotmail.com;samuel.werner;Samuel Buisegi de Medeiros Werner;SWerner482
antonio.suoya@uol.com;antonio.suoya;Antônio d'Ávila de Iglesias Suoya;ASuoya483
carolina.silva@uol.com;carolina.silva;Carolina Rose Ifemiz da Silva;CSilva276
tabata.pafuvic@hotmail.com;tabata.pafuvic;Tábata Suzy Pafuvic;TPafuvic218
marciane.silveira@uol.com;marciane.silveira;Marciane Poliana de Silveira;MSilveira160
selma.trevisan@outlook.com;selma.trevisan;Selma Trevisan;STrevisan967
solange.opupa@outlook.com;solange.opupa;Solange Itamara de Sobral Opupa;SOpupa708
lana.mozyplylfu@gmail.com;lana.mozyplylfu;Lana Marciane da Conceição Mozyplylfu;LMozyplylfu894
cesar.souza@outlook.com;cesar.souza;César Fred da Silva de Souza;CSouza151
berenice.asin@hotmail.com;berenice.asin;Berenice Danielle Asin;BAsin711
amanda.noko@hotmail.com;amanda.noko;Amanda Weiss Weber Noko;ANoko555
emanoel.gozraos@outlook.com;emanoel.gozraos;Emanoel Alberto Gomes Gozraos;EGozraos376
edu.priveao@uol.com;edu.priveao;Edu Arnaldo de Ayres Priveão;EPriveao767
catarina.pereira@hotmail.com;catarina.pereira;Catarina Oachovi de Pereira;CPereira102
fernando.fregeman@outlook.com;fernando.fregeman;Fernando Arnaldo de Guimarães Fregeman;FFregeman176
roberta.loason@hotmail.com;roberta.loason;Roberta Loason;RLoason431
gabriel.santos@outlook.com;gabriel.santos;Gabriel de Pacheco dos Santos;GSantos659
breno.maia@hotmail.com;breno.maia;Breno Dajichi de Maia;BMaia120
vera.oliveira@gmail.com;vera.oliveira;Vera Ana de Oliveira;VOliveira986
renato.alvim@gmail.com;renato.alvim;Renato de Alvim;RAlvim813
janaina.gomes@uol.com;janaina.gomes;Janaína Gomes;JGomes766
helena.silva@outlook.com;helena.silva;Helena Patrícia da Silva;HSilva215
augusto.emylorn@gmail.com;augusto.emylorn;Augusto Juan Emylorn;AEmylorn875
alfredo.ciorna@uol.com;alfredo.ciorna;Alfredo Manuel Noha Ciornã;ACiorna783
vinicius.gois@gmail.com;vinicius.gois;Vinícius David Góis;VGois226
celia.fonseca@outlook.com;celia.fonseca;Célia da Gama de Fonseca;CFonseca328
marcia.gomes@uol.com;marcia.gomes;Márcia Gomes;MGomes909
kiara.monteiro@uol.com;kiara.monteiro;Kiara Lígia de Monteiro;KMonteiro916
willian.sales@hotmail.com;willian.sales;Willian Oscezo de Sales;WSales800
tania.ocoman@uol.com;tania.ocoman;Tânia de Albuquerque Ocoman;TOcoman449
maria.frias@uol.com;maria.frias;Maria Ariana Toni Frias;MFrias221
